Date de livraison,Longueur du tron√ßon en m,Running total
2018-01-01,19.0,8472.0
2018-01-02,19.0,8472.0
2018-01-03,19.0,8472.0
2018-01-04,19.0,8472.0
2018-01-05,19.0,8472.0
2018-01-06,19.0,8472.0
2018-01-07,19.0,8472.0
2018-01-08,19.0,8472.0
2018-01-09,19.0,8472.0
2018-01-10,19.0,8472.0
2018-01-11,19.0,8472.0
2018-01-12,19.0,8472.0
2018-01-13,19.0,8472.0
2018-01-14,19.0,8472.0
2018-01-15,19.0,8472.0
2018-01-16,19.0,8472.0
2018-01-17,19.0,8472.0
2018-01-18,19.0,8472.0
2018-01-19,19.0,8472.0
2018-01-20,19.0,8472.0
2018-01-21,19.0,8472.0
2018-01-22,19.0,8472.0
2018-01-23,19.0,8472.0
2018-01-24,19.0,8472.0
2018-01-25,19.0,8472.0
2018-01-26,19.0,8472.0
2018-01-27,19.0,8472.0
2018-01-28,19.0,8472.0
2018-01-29,19.0,8472.0
2018-01-30,19.0,8472.0
2018-01-31,2.0,8474.0
2018-02-01,2.0,8474.0
2018-02-02,2.0,8474.0
2018-02-03,2.0,8474.0
2018-02-04,2.0,8474.0
2018-02-05,2.0,8474.0
2018-02-06,2.0,8474.0
2018-02-07,2.0,8474.0
2018-02-08,2.0,8474.0
2018-02-09,2.0,8474.0
2018-02-10,2.0,8474.0
2018-02-11,2.0,8474.0
2018-02-12,2.0,8474.0
2018-02-13,2.0,8474.0
2018-02-14,2.0,8474.0
2018-02-15,2.0,8474.0
2018-02-16,2.0,8474.0
2018-02-17,2.0,8474.0
2018-02-18,2.0,8474.0
2018-02-19,2.0,8474.0
2018-02-20,2.0,8474.0
2018-02-21,2.0,8474.0
2018-02-22,2.0,8474.0
2018-02-23,2.0,8474.0
2018-02-24,2.0,8474.0
2018-02-25,2.0,8474.0
2018-02-26,2.0,8474.0
2018-02-27,2.0,8474.0
2018-02-28,2.0,8474.0
2018-03-01,2.0,8474.0
2018-03-02,2.0,8474.0
2018-03-03,2.0,8474.0
2018-03-04,2.0,8474.0
2018-03-05,2.0,8474.0
2018-03-06,2.0,8474.0
2018-03-07,2.0,8474.0
2018-03-08,2.0,8474.0
2018-03-09,2.0,8474.0
2018-03-10,2.0,8474.0
2018-03-11,2.0,8474.0
2018-03-12,2.0,8474.0
2018-03-13,2.0,8474.0
2018-03-14,2.0,8474.0
2018-03-15,2.0,8474.0
2018-03-16,2.0,8474.0
2018-03-17,2.0,8474.0
2018-03-18,2.0,8474.0
2018-03-19,2.0,8474.0
2018-03-20,2.0,8474.0
2018-03-21,2.0,8474.0
2018-03-22,2.0,8474.0
2018-03-23,2.0,8474.0
2018-03-24,2.0,8474.0
2018-03-25,2.0,8474.0
2018-03-26,2.0,8474.0
2018-03-27,2.0,8474.0
2018-03-28,2.0,8474.0
2018-03-29,2.0,8474.0
2018-03-30,24.0,8498.0
2018-03-31,116.0,8614.0
2018-04-01,116.0,8614.0
2018-04-02,116.0,8614.0
2018-04-03,116.0,8614.0
2018-04-04,116.0,8614.0
2018-04-05,116.0,8614.0
2018-04-06,116.0,8614.0
2018-04-07,116.0,8614.0
2018-04-08,116.0,8614.0
2018-04-09,116.0,8614.0
2018-04-10,116.0,8614.0
2018-04-11,116.0,8614.0
2018-04-12,116.0,8614.0
2018-04-13,116.0,8614.0
2018-04-14,116.0,8614.0
2018-04-15,2.0,8616.0
2018-04-16,2.0,8616.0
2018-04-17,2.0,8616.0
2018-04-18,2.0,8616.0
2018-04-19,2.0,8616.0
2018-04-20,2.0,8616.0
2018-04-21,2.0,8616.0
2018-04-22,2.0,8616.0
2018-04-23,2.0,8616.0
2018-04-24,2.0,8616.0
2018-04-25,2.0,8616.0
2018-04-26,2.0,8616.0
2018-04-27,2.0,8616.0
2018-04-28,2.0,8616.0
2018-04-29,2.0,8616.0
2018-04-30,2.0,8616.0
2018-05-01,48.0,8664.0
2018-05-02,48.0,8664.0
2018-05-03,48.0,8664.0
2018-05-04,48.0,8664.0
2018-05-05,48.0,8664.0
2018-05-06,48.0,8664.0
2018-05-07,48.0,8664.0
2018-05-08,48.0,8664.0
2018-05-09,48.0,8664.0
2018-05-10,48.0,8664.0
2018-05-11,48.0,8664.0
2018-05-12,48.0,8664.0
2018-05-13,48.0,8664.0
2018-05-14,48.0,8664.0
2018-05-15,48.0,8664.0
2018-05-16,48.0,8664.0
2018-05-17,48.0,8664.0
2018-05-18,48.0,8664.0
2018-05-19,48.0,8664.0
2018-05-20,48.0,8664.0
2018-05-21,48.0,8664.0
2018-05-22,48.0,8664.0
2018-05-23,48.0,8664.0
2018-05-24,48.0,8664.0
2018-05-25,48.0,8664.0
2018-05-26,48.0,8664.0
2018-05-27,48.0,8664.0
2018-05-28,48.0,8664.0
2018-05-29,48.0,8664.0
2018-05-30,1.0,8665.0
2018-05-31,74.0,8739.0
2018-06-01,74.0,8739.0
2018-06-02,74.0,8739.0
2018-06-03,74.0,8739.0
2018-06-04,74.0,8739.0
2018-06-05,74.0,8739.0
2018-06-06,74.0,8739.0
2018-06-07,74.0,8739.0
2018-06-08,74.0,8739.0
2018-06-09,74.0,8739.0
2018-06-10,74.0,8739.0
2018-06-11,74.0,8739.0
2018-06-12,74.0,8739.0
2018-06-13,74.0,8739.0
2018-06-14,74.0,8739.0
2018-06-15,74.0,8739.0
2018-06-16,74.0,8739.0
2018-06-17,74.0,8739.0
2018-06-18,74.0,8739.0
2018-06-19,74.0,8739.0
2018-06-20,74.0,8739.0
2018-06-21,74.0,8739.0
2018-06-22,74.0,8739.0
2018-06-23,74.0,8739.0
2018-06-24,74.0,8739.0
2018-06-25,74.0,8739.0
2018-06-26,74.0,8739.0
2018-06-27,74.0,8739.0
2018-06-28,74.0,8739.0
2018-06-29,74.0,8739.0
2018-06-30,85.0,8824.0
2018-07-01,85.0,8824.0
2018-07-02,85.0,8824.0
2018-07-03,85.0,8824.0
2018-07-04,85.0,8824.0
2018-07-05,85.0,8824.0
2018-07-06,85.0,8824.0
2018-07-07,85.0,8824.0
2018-07-08,85.0,8824.0
2018-07-09,85.0,8824.0
2018-07-10,85.0,8824.0
2018-07-11,85.0,8824.0
2018-07-12,85.0,8824.0
2018-07-13,85.0,8824.0
2018-07-14,85.0,8824.0
2018-07-15,85.0,8824.0
2018-07-16,85.0,8824.0
2018-07-17,85.0,8824.0
2018-07-18,85.0,8824.0
2018-07-19,85.0,8824.0
2018-07-20,85.0,8824.0
2018-07-21,85.0,8824.0
2018-07-22,85.0,8824.0
2018-07-23,85.0,8824.0
2018-07-24,85.0,8824.0
2018-07-25,85.0,8824.0
2018-07-26,85.0,8824.0
2018-07-27,85.0,8824.0
2018-07-28,85.0,8824.0
2018-07-29,85.0,8824.0
2018-07-30,17.0,8841.0
2018-07-31,18.0,8859.0
2018-08-01,18.0,8859.0
2018-08-02,18.0,8859.0
2018-08-03,18.0,8859.0
2018-08-04,18.0,8859.0
2018-08-05,18.0,8859.0
2018-08-06,18.0,8859.0
2018-08-07,18.0,8859.0
2018-08-08,18.0,8859.0
2018-08-09,18.0,8859.0
2018-08-10,18.0,8859.0
2018-08-11,18.0,8859.0
2018-08-12,18.0,8859.0
2018-08-13,18.0,8859.0
2018-08-14,18.0,8859.0
2018-08-15,18.0,8859.0
2018-08-16,18.0,8859.0
2018-08-17,18.0,8859.0
2018-08-18,18.0,8859.0
2018-08-19,18.0,8859.0
2018-08-20,18.0,8859.0
2018-08-21,18.0,8859.0
2018-08-22,18.0,8859.0
2018-08-23,18.0,8859.0
2018-08-24,18.0,8859.0
2018-08-25,18.0,8859.0
2018-08-26,18.0,8859.0
2018-08-27,18.0,8859.0
2018-08-28,18.0,8859.0
2018-08-29,18.0,8859.0
2018-08-30,2.0,8861.0
2018-08-31,205.0,9066.0
2018-09-01,205.0,9066.0
2018-09-02,205.0,9066.0
2018-09-03,205.0,9066.0
2018-09-04,205.0,9066.0
2018-09-05,205.0,9066.0
2018-09-06,205.0,9066.0
2018-09-07,205.0,9066.0
2018-09-08,205.0,9066.0
2018-09-09,205.0,9066.0
2018-09-10,205.0,9066.0
2018-09-11,205.0,9066.0
2018-09-12,205.0,9066.0
2018-09-13,205.0,9066.0
2018-09-14,205.0,9066.0
2018-09-15,205.0,9066.0
2018-09-16,205.0,9066.0
2018-09-17,205.0,9066.0
2018-09-18,205.0,9066.0
2018-09-19,205.0,9066.0
2018-09-20,205.0,9066.0
2018-09-21,205.0,9066.0
2018-09-22,205.0,9066.0
2018-09-23,205.0,9066.0
2018-09-24,205.0,9066.0
2018-09-25,205.0,9066.0
2018-09-26,205.0,9066.0
2018-09-27,205.0,9066.0
2018-09-28,205.0,9066.0
2018-09-29,205.0,9066.0
2018-09-30,205.0,9066.0
2018-10-01,205.0,9066.0
2018-10-02,205.0,9066.0
2018-10-03,205.0,9066.0
2018-10-04,205.0,9066.0
2018-10-05,205.0,9066.0
2018-10-06,205.0,9066.0
2018-10-07,205.0,9066.0
2018-10-08,205.0,9066.0
2018-10-09,205.0,9066.0
2018-10-10,205.0,9066.0
2018-10-11,205.0,9066.0
2018-10-12,205.0,9066.0
2018-10-13,205.0,9066.0
2018-10-14,205.0,9066.0
2018-10-15,205.0,9066.0
2018-10-16,205.0,9066.0
2018-10-17,205.0,9066.0
2018-10-18,205.0,9066.0
2018-10-19,205.0,9066.0
2018-10-20,205.0,9066.0
2018-10-21,205.0,9066.0
2018-10-22,205.0,9066.0
2018-10-23,205.0,9066.0
2018-10-24,205.0,9066.0
2018-10-25,205.0,9066.0
2018-10-26,205.0,9066.0
2018-10-27,205.0,9066.0
2018-10-28,205.0,9066.0
2018-10-29,205.0,9066.0
2018-10-30,205.0,9066.0
2018-10-31,6.0,9072.0
2018-11-01,6.0,9072.0
2018-11-02,6.0,9072.0
2018-11-03,6.0,9072.0
2018-11-04,6.0,9072.0
2018-11-05,6.0,9072.0
2018-11-06,6.0,9072.0
2018-11-07,6.0,9072.0
2018-11-08,6.0,9072.0
2018-11-09,6.0,9072.0
2018-11-10,6.0,9072.0
2018-11-11,6.0,9072.0
2018-11-12,6.0,9072.0
2018-11-13,6.0,9072.0
2018-11-14,6.0,9072.0
2018-11-15,6.0,9072.0
2018-11-16,6.0,9072.0
2018-11-17,6.0,9072.0
2018-11-18,6.0,9072.0
2018-11-19,6.0,9072.0
2018-11-20,6.0,9072.0
2018-11-21,6.0,9072.0
2018-11-22,6.0,9072.0
2018-11-23,6.0,9072.0
2018-11-24,6.0,9072.0
2018-11-25,6.0,9072.0
2018-11-26,6.0,9072.0
2018-11-27,6.0,9072.0
2018-11-28,6.0,9072.0
2018-11-29,6.0,9072.0
2018-11-30,219.0,9291.0
2018-12-01,219.0,9291.0
2018-12-02,219.0,9291.0
2018-12-03,219.0,9291.0
2018-12-04,219.0,9291.0
2018-12-05,219.0,9291.0
2018-12-06,219.0,9291.0
2018-12-07,219.0,9291.0
2018-12-08,219.0,9291.0
2018-12-09,219.0,9291.0
2018-12-10,219.0,9291.0
2018-12-11,219.0,9291.0
2018-12-12,219.0,9291.0
2018-12-13,219.0,9291.0
2018-12-14,219.0,9291.0
2018-12-15,219.0,9291.0
2018-12-16,219.0,9291.0
2018-12-17,219.0,9291.0
2018-12-18,219.0,9291.0
2018-12-19,219.0,9291.0
2018-12-20,219.0,9291.0
2018-12-21,219.0,9291.0
2018-12-22,219.0,9291.0
2018-12-23,219.0,9291.0
2018-12-24,219.0,9291.0
2018-12-25,219.0,9291.0
2018-12-26,219.0,9291.0
2018-12-27,219.0,9291.0
2018-12-28,219.0,9291.0
2018-12-29,219.0,9291.0
2018-12-30,219.0,9291.0
2018-12-31,894.0,10185.0
2019-01-01,894.0,10185.0
2019-01-02,894.0,10185.0
2019-01-03,894.0,10185.0
2019-01-04,894.0,10185.0
2019-01-05,894.0,10185.0
2019-01-06,894.0,10185.0
2019-01-07,894.0,10185.0
2019-01-08,894.0,10185.0
2019-01-09,894.0,10185.0
2019-01-10,894.0,10185.0
2019-01-11,894.0,10185.0
2019-01-12,894.0,10185.0
2019-01-13,894.0,10185.0
2019-01-14,894.0,10185.0
2019-01-15,894.0,10185.0
2019-01-16,894.0,10185.0
2019-01-17,894.0,10185.0
2019-01-18,894.0,10185.0
2019-01-19,894.0,10185.0
2019-01-20,894.0,10185.0
2019-01-21,894.0,10185.0
2019-01-22,894.0,10185.0
2019-01-23,894.0,10185.0
2019-01-24,894.0,10185.0
2019-01-25,894.0,10185.0
2019-01-26,894.0,10185.0
2019-01-27,894.0,10185.0
2019-01-28,894.0,10185.0
2019-01-29,894.0,10185.0
2019-01-30,10.0,10195.0
2019-01-31,10.0,10195.0
2019-02-01,10.0,10195.0
2019-02-02,10.0,10195.0
2019-02-03,10.0,10195.0
2019-02-04,10.0,10195.0
2019-02-05,10.0,10195.0
2019-02-06,10.0,10195.0
2019-02-07,10.0,10195.0
2019-02-08,10.0,10195.0
2019-02-09,10.0,10195.0
2019-02-10,10.0,10195.0
2019-02-11,10.0,10195.0
2019-02-12,10.0,10195.0
2019-02-13,10.0,10195.0
2019-02-14,10.0,10195.0
2019-02-15,10.0,10195.0
2019-02-16,10.0,10195.0
2019-02-17,10.0,10195.0
2019-02-18,10.0,10195.0
2019-02-19,10.0,10195.0
2019-02-20,10.0,10195.0
2019-02-21,10.0,10195.0
2019-02-22,10.0,10195.0
2019-02-23,10.0,10195.0
2019-02-24,10.0,10195.0
2019-02-25,10.0,10195.0
2019-02-26,10.0,10195.0
2019-02-27,10.0,10195.0
2019-02-28,19.0,10214.0
2019-03-01,19.0,10214.0
2019-03-02,19.0,10214.0
2019-03-03,19.0,10214.0
2019-03-04,19.0,10214.0
2019-03-05,19.0,10214.0
2019-03-06,19.0,10214.0
2019-03-07,19.0,10214.0
2019-03-08,19.0,10214.0
2019-03-09,19.0,10214.0
2019-03-10,19.0,10214.0
2019-03-11,19.0,10214.0
2019-03-12,19.0,10214.0
2019-03-13,19.0,10214.0
2019-03-14,19.0,10214.0
2019-03-15,19.0,10214.0
2019-03-16,19.0,10214.0
2019-03-17,19.0,10214.0
2019-03-18,19.0,10214.0
2019-03-19,19.0,10214.0
2019-03-20,19.0,10214.0
2019-03-21,19.0,10214.0
2019-03-22,104.0,10318.0
2019-03-23,104.0,10318.0
2019-03-24,104.0,10318.0
2019-03-25,104.0,10318.0
2019-03-26,104.0,10318.0
2019-03-27,104.0,10318.0
2019-03-28,104.0,10318.0
2019-03-29,104.0,10318.0
2019-03-30,1.0,10319.0
2019-03-31,6.0,10325.0
2019-04-01,2.0,10327.0
2019-04-02,2.0,10327.0
2019-04-03,2.0,10327.0
2019-04-04,2.0,10327.0
2019-04-05,2.0,10327.0
2019-04-06,2.0,10327.0
2019-04-07,2.0,10327.0
2019-04-08,2.0,10327.0
2019-04-09,2.0,10327.0
2019-04-10,2.0,10327.0
2019-04-11,2.0,10327.0
2019-04-12,2.0,10327.0
2019-04-13,2.0,10327.0
2019-04-14,2.0,10327.0
2019-04-15,5.0,10332.0
2019-04-16,5.0,10332.0
2019-04-17,5.0,10332.0
2019-04-18,5.0,10332.0
2019-04-19,5.0,10332.0
2019-04-20,5.0,10332.0
2019-04-21,5.0,10332.0
2019-04-22,3.0,10335.0
2019-04-23,3.0,10335.0
2019-04-24,3.0,10335.0
2019-04-25,3.0,10335.0
2019-04-26,3.0,10335.0
2019-04-27,3.0,10335.0
2019-04-28,3.0,10335.0
2019-04-29,3.0,10335.0
2019-04-30,17.0,10352.0
2019-05-01,17.0,10352.0
2019-05-02,17.0,10352.0
2019-05-03,17.0,10352.0
2019-05-04,17.0,10352.0
2019-05-05,17.0,10352.0
2019-05-06,17.0,10352.0
2019-05-07,17.0,10352.0
2019-05-08,17.0,10352.0
2019-05-09,17.0,10352.0
2019-05-10,17.0,10352.0
2019-05-11,17.0,10352.0
2019-05-12,1.0,10353.0
2019-05-13,1.0,10353.0
2019-05-14,1.0,10353.0
2019-05-15,1.0,10353.0
2019-05-16,1.0,10353.0
2019-05-17,80.0,10433.0
2019-05-18,80.0,10433.0
2019-05-19,80.0,10433.0
2019-05-20,80.0,10433.0
2019-05-21,80.0,10433.0
2019-05-22,80.0,10433.0
2019-05-23,80.0,10433.0
2019-05-24,80.0,10433.0
2019-05-25,80.0,10433.0
2019-05-26,80.0,10433.0
2019-05-27,80.0,10433.0
2019-05-28,80.0,10433.0
2019-05-29,80.0,10433.0
2019-05-30,14.0,10447.0
2019-05-31,76.0,10523.0
2019-06-01,76.0,10523.0
2019-06-02,76.0,10523.0
2019-06-03,76.0,10523.0
2019-06-04,76.0,10523.0
2019-06-05,76.0,10523.0
2019-06-06,76.0,10523.0
2019-06-07,2.0,10525.0
2019-06-08,2.0,10525.0
2019-06-09,2.0,10525.0
2019-06-10,2.0,10525.0
2019-06-11,2.0,10525.0
2019-06-12,1.0,10526.0
2019-06-13,1.0,10526.0
2019-06-14,1.0,10526.0
2019-06-15,6.0,10532.0
2019-06-16,6.0,10532.0
2019-06-17,6.0,10532.0
2019-06-18,6.0,10532.0
2019-06-19,6.0,10532.0
2019-06-20,6.0,10532.0
2019-06-21,6.0,10532.0
2019-06-22,6.0,10532.0
2019-06-23,6.0,10532.0
2019-06-24,6.0,10532.0
2019-06-25,4.0,10536.0
2019-06-26,4.0,10536.0
2019-06-27,4.0,10536.0
2019-06-28,4.0,10536.0
2019-06-29,4.0,10536.0
2019-06-30,81.0,10617.0
2019-07-01,5.0,10622.0
2019-07-02,7.0,10629.0
2019-07-03,7.0,10629.0
2019-07-04,7.0,10629.0
2019-07-05,7.0,10629.0
2019-07-06,7.0,10629.0
2019-07-07,7.0,10629.0
2019-07-08,7.0,10629.0
2019-07-09,7.0,10629.0
2019-07-10,7.0,10629.0
2019-07-11,7.0,10629.0
2019-07-12,7.0,10629.0
2019-07-13,7.0,10629.0
2019-07-14,7.0,10629.0
2019-07-15,7.0,10629.0
2019-07-16,7.0,10629.0
2019-07-17,7.0,10629.0
2019-07-18,7.0,10629.0
2019-07-19,7.0,10629.0
2019-07-20,3.0,10632.0
2019-07-21,3.0,10632.0
2019-07-22,3.0,10632.0
2019-07-23,3.0,10632.0
2019-07-24,3.0,10632.0
2019-07-25,3.0,10632.0
2019-07-26,3.0,10632.0
2019-07-27,3.0,10632.0
2019-07-28,3.0,10632.0
2019-07-29,3.0,10632.0
2019-07-30,3.0,10635.0
2019-07-31,273.0,10908.0
2019-08-01,273.0,10908.0
2019-08-02,273.0,10908.0
2019-08-03,273.0,10908.0
2019-08-04,273.0,10908.0
2019-08-05,273.0,10908.0
2019-08-06,273.0,10908.0
2019-08-07,273.0,10908.0
2019-08-08,273.0,10908.0
2019-08-09,273.0,10908.0
2019-08-10,273.0,10908.0
2019-08-11,273.0,10908.0
2019-08-12,273.0,10908.0
2019-08-13,273.0,10908.0
2019-08-14,273.0,10908.0
2019-08-15,273.0,10908.0
2019-08-16,273.0,10908.0
2019-08-17,273.0,10908.0
2019-08-18,273.0,10908.0
2019-08-19,273.0,10908.0
2019-08-20,273.0,10908.0
2019-08-21,273.0,10908.0
2019-08-22,273.0,10908.0
2019-08-23,273.0,10908.0
2019-08-24,273.0,10908.0
2019-08-25,273.0,10908.0
2019-08-26,273.0,10908.0
2019-08-27,273.0,10908.0
2019-08-28,273.0,10908.0
2019-08-29,273.0,10908.0
2019-08-30,14.0,10922.0
2019-08-31,58.0,10980.0
2019-09-01,58.0,10980.0
2019-09-02,58.0,10980.0
2019-09-03,58.0,10980.0
2019-09-04,58.0,10980.0
2019-09-05,58.0,10980.0
2019-09-06,58.0,10980.0
2019-09-07,58.0,10980.0
2019-09-08,58.0,10980.0
2019-09-09,58.0,10980.0
2019-09-10,58.0,10980.0
2019-09-11,58.0,10980.0
2019-09-12,58.0,10980.0
2019-09-13,58.0,10980.0
2019-09-14,58.0,10980.0
2019-09-15,39.0,11019.0
2019-09-16,39.0,11019.0
2019-09-17,39.0,11019.0
2019-09-18,8.0,11027.0
2019-09-19,8.0,11027.0
2019-09-20,8.0,11027.0
2019-09-21,8.0,11027.0
2019-09-22,8.0,11027.0
2019-09-23,8.0,11027.0
2019-09-24,8.0,11027.0
2019-09-25,8.0,11027.0
2019-09-26,8.0,11027.0
2019-09-27,8.0,11027.0
2019-09-28,8.0,11027.0
2019-09-29,8.0,11027.0
2019-09-30,122.0,11149.0
2019-10-01,122.0,11149.0
2019-10-02,122.0,11149.0
2019-10-03,122.0,11149.0
2019-10-04,5.0,11154.0
2019-10-05,3.0,11157.0
2019-10-06,3.0,11157.0
2019-10-07,3.0,11157.0
2019-10-08,3.0,11157.0
2019-10-09,3.0,11157.0
2019-10-10,8.0,11165.0
2019-10-11,2.0,11167.0
2019-10-12,2.0,11167.0
2019-10-13,2.0,11167.0
2019-10-14,2.0,11167.0
2019-10-15,2.0,11169.0
2019-10-16,2.0,11169.0
2019-10-17,2.0,11169.0
2019-10-18,5.0,11174.0
2019-10-19,5.0,11174.0
2019-10-20,5.0,11174.0
2019-10-21,5.0,11174.0
2019-10-22,5.0,11174.0
2019-10-23,5.0,11174.0
2019-10-24,5.0,11174.0
2019-10-25,5.0,11174.0
2019-10-26,5.0,11174.0
2019-10-27,5.0,11174.0
2019-10-28,5.0,11174.0
2019-10-29,5.0,11174.0
2019-10-30,5.0,11179.0
2019-10-31,188.0,11367.0
2019-11-01,188.0,11367.0
2019-11-02,188.0,11367.0
2019-11-03,188.0,11367.0
2019-11-04,188.0,11367.0
2019-11-05,188.0,11367.0
2019-11-06,6.0,11373.0
2019-11-07,6.0,11373.0
2019-11-08,1.0,11374.0
2019-11-09,10.0,11384.0
2019-11-10,10.0,11384.0
2019-11-11,10.0,11384.0
2019-11-12,10.0,11384.0
2019-11-13,2.0,11386.0
2019-11-14,3.0,11389.0
2019-11-15,2.0,11391.0
2019-11-16,2.0,11391.0
2019-11-17,2.0,11391.0
2019-11-18,2.0,11391.0
2019-11-19,2.0,11391.0
2019-11-20,2.0,11391.0
2019-11-21,2.0,11391.0
2019-11-22,2.0,11391.0
2019-11-23,2.0,11391.0
2019-11-24,2.0,11391.0
2019-11-25,1.0,11392.0
2019-11-26,1.0,11393.0
2019-11-27,1.0,11393.0
2019-11-28,1.0,11393.0
2019-11-29,3.0,11396.0
2019-11-30,178.0,11574.0
2019-12-01,178.0,11574.0
2019-12-02,178.0,11574.0
2019-12-03,2.0,11576.0
2019-12-04,2.0,11576.0
2019-12-05,2.0,11576.0
2019-12-06,2.0,11576.0
2019-12-07,2.0,11576.0
2019-12-08,2.0,11576.0
2019-12-09,2.0,11576.0
2019-12-10,2.0,11578.0
2019-12-11,2.0,11578.0
2019-12-12,2.0,11578.0
2019-12-13,2.0,11578.0
2019-12-14,2.0,11578.0
2019-12-15,2.0,11578.0
2019-12-16,2.0,11578.0
2019-12-17,12.0,11590.0
2019-12-18,12.0,11590.0
2019-12-19,12.0,11590.0
2019-12-20,16.0,11606.0
2019-12-21,16.0,11606.0
2019-12-22,16.0,11606.0
2019-12-23,16.0,11606.0
2019-12-24,16.0,11606.0
2019-12-25,16.0,11606.0
2019-12-26,16.0,11606.0
2019-12-27,16.0,11606.0
2019-12-28,16.0,11606.0
2019-12-29,16.0,11606.0
2019-12-30,16.0,11606.0
2019-12-31,68.0,11674.0
2020-01-01,68.0,11674.0
2020-01-02,68.0,11674.0
2020-01-03,68.0,11674.0
2020-01-04,68.0,11674.0
2020-01-05,68.0,11674.0
2020-01-06,68.0,11674.0
2020-01-07,68.0,11674.0
2020-01-08,68.0,11674.0
2020-01-09,68.0,11674.0
2020-01-10,68.0,11674.0
2020-01-11,68.0,11674.0
2020-01-12,68.0,11674.0
2020-01-13,68.0,11674.0
2020-01-14,68.0,11674.0
2020-01-15,68.0,11674.0
2020-01-16,68.0,11674.0
2020-01-17,68.0,11674.0
2020-01-18,68.0,11674.0
2020-01-19,68.0,11674.0
2020-01-20,68.0,11674.0
2020-01-21,68.0,11674.0
2020-01-22,68.0,11674.0
2020-01-23,68.0,11674.0
2020-01-24,68.0,11674.0
2020-01-25,68.0,11674.0
2020-01-26,68.0,11674.0
2020-01-27,68.0,11674.0
2020-01-28,68.0,11674.0
2020-01-29,68.0,11674.0
2020-01-30,68.0,11674.0
2020-01-31,28.0,11702.0
2020-02-01,28.0,11702.0
2020-02-02,28.0,11702.0
2020-02-03,28.0,11702.0
2020-02-04,28.0,11702.0
2020-02-05,28.0,11702.0
2020-02-06,28.0,11702.0
2020-02-07,28.0,11702.0
2020-02-08,28.0,11702.0
2020-02-09,28.0,11702.0
2020-02-10,28.0,11702.0
2020-02-11,28.0,11702.0
2020-02-12,28.0,11702.0
2020-02-13,28.0,11702.0
2020-02-14,28.0,11702.0
2020-02-15,28.0,11702.0
2020-02-16,28.0,11702.0
2020-02-17,28.0,11702.0
2020-02-18,28.0,11702.0
2020-02-19,28.0,11702.0
2020-02-20,28.0,11702.0
2020-02-21,28.0,11702.0
2020-02-22,28.0,11702.0
2020-02-23,28.0,11702.0
2020-02-24,28.0,11702.0
2020-02-25,28.0,11702.0
2020-02-26,28.0,11702.0
2020-02-27,28.0,11702.0
2020-02-28,28.0,11702.0
2020-02-29,15.0,11717.0
2020-03-01,15.0,11717.0
2020-03-02,15.0,11717.0
2020-03-03,58.0,11775.0
2020-03-04,58.0,11775.0
2020-03-05,58.0,11775.0
2020-03-06,58.0,11775.0
2020-03-07,58.0,11775.0
2020-03-08,58.0,11775.0
2020-03-09,58.0,11775.0
2020-03-10,58.0,11775.0
2020-03-11,58.0,11775.0
2020-03-12,58.0,11775.0
2020-03-13,58.0,11775.0
2020-03-14,58.0,11775.0
2020-03-15,58.0,11775.0
2020-03-16,58.0,11775.0
2020-03-17,58.0,11775.0
2020-03-18,58.0,11775.0
2020-03-19,58.0,11775.0
2020-03-20,58.0,11775.0
2020-03-21,58.0,11775.0
2020-03-22,58.0,11775.0
2020-03-23,58.0,11775.0
2020-03-24,58.0,11775.0
2020-03-25,58.0,11775.0
2020-03-26,58.0,11775.0
2020-03-27,58.0,11775.0
2020-03-28,58.0,11775.0
2020-03-29,58.0,11775.0
2020-03-30,58.0,11775.0
2020-03-31,137.0,11912.0
2020-04-01,137.0,11912.0
2020-04-02,137.0,11912.0
2020-04-03,137.0,11912.0
2020-04-04,137.0,11912.0
2020-04-05,137.0,11912.0
2020-04-06,137.0,11912.0
2020-04-07,137.0,11912.0
2020-04-08,137.0,11912.0
2020-04-09,137.0,11912.0
2020-04-10,137.0,11912.0
2020-04-11,137.0,11912.0
2020-04-12,137.0,11912.0
2020-04-13,137.0,11912.0
2020-04-14,137.0,11912.0
2020-04-15,137.0,11912.0
2020-04-16,137.0,11912.0
2020-04-17,137.0,11912.0
2020-04-18,137.0,11912.0
2020-04-19,137.0,11912.0
2020-04-20,137.0,11912.0
2020-04-21,137.0,11912.0
2020-04-22,137.0,11912.0
2020-04-23,137.0,11912.0
2020-04-24,137.0,11912.0
2020-04-25,137.0,11912.0
2020-04-26,137.0,11912.0
2020-04-27,137.0,11912.0
2020-04-28,137.0,11912.0
2020-04-29,137.0,11912.0
2020-04-30,61.0,11973.0
2020-05-01,61.0,11973.0
2020-05-02,61.0,11973.0
2020-05-03,61.0,11973.0
2020-05-04,61.0,11973.0
2020-05-05,61.0,11973.0
2020-05-06,61.0,11973.0
2020-05-07,61.0,11973.0
2020-05-08,61.0,11973.0
2020-05-09,1.0,11974.0
2020-05-10,1.0,11974.0
2020-05-11,1.0,11975.0
2020-05-12,1.0,11975.0
2020-05-13,1.0,11975.0
2020-05-14,1.0,11976.0
2020-05-15,1.0,11977.0
2020-05-16,1.0,11977.0
2020-05-17,2.0,11979.0
2020-05-18,2.0,11979.0
2020-05-19,2.0,11979.0
2020-05-20,2.0,11979.0
2020-05-21,2.0,11979.0
2020-05-22,2.0,11979.0
2020-05-23,2.0,11979.0
2020-05-24,2.0,11979.0
2020-05-25,2.0,11979.0
2020-05-26,2.0,11979.0
2020-05-27,2.0,11979.0
2020-05-28,1.0,11980.0
2020-05-29,1.0,11981.0
2020-05-30,1.0,11981.0
2020-05-31,1.0,11981.0
2020-06-01,4.0,11985.0
2020-06-02,4.0,11985.0
2020-06-03,4.0,11985.0
2020-06-04,4.0,11985.0
2020-06-05,2.0,11987.0
2020-06-06,2.0,11987.0
2020-06-07,2.0,11987.0
2020-06-08,2.0,11987.0
2020-06-09,2.0,11989.0
2020-06-10,2.0,11989.0
2020-06-11,2.0,11989.0
2020-06-12,2.0,11989.0
2020-06-13,2.0,11991.0
2020-06-14,2.0,11991.0
2020-06-15,2.0,11991.0
2020-06-16,2.0,11991.0
2020-06-17,2.0,11991.0
2020-06-18,5.0,11996.0
2020-06-19,5.0,11996.0
2020-06-20,5.0,11996.0
2020-06-21,5.0,11996.0
2020-06-22,5.0,11996.0
2020-06-23,2.0,11998.0
2020-06-24,3.0,12001.0
2020-06-25,1.0,12002.0
2020-06-26,4.0,12006.0
2020-06-27,2.0,12008.0
2020-06-28,2.0,12008.0
2020-06-29,2.0,12008.0
2020-06-30,1.0,12009.0
2020-07-01,1.0,12009.0
2020-07-02,1.0,12009.0
2020-07-03,1.0,12010.0
2020-07-04,1.0,12011.0
2020-07-05,1.0,12011.0
2020-07-06,1.0,12011.0
2020-07-07,1.0,12011.0
2020-07-08,1.0,12012.0
2020-07-09,1.0,12013.0
2020-07-10,1.0,12013.0
2020-07-11,1.0,12013.0
2020-07-12,1.0,12013.0
2020-07-13,1.0,12013.0
2020-07-14,1.0,12013.0
2020-07-15,1.0,12014.0
2020-07-16,1.0,12014.0
2020-07-17,1.0,12014.0
2020-07-18,1.0,12014.0
2020-07-19,1.0,12014.0
2020-07-20,1.0,12014.0
2020-07-21,1.0,12014.0
2020-07-22,1.0,12014.0
2020-07-23,1.0,12014.0
2020-07-24,1.0,12014.0
2020-07-25,1.0,12014.0
2020-07-26,1.0,12014.0
2020-07-27,1.0,12014.0
2020-07-28,1.0,12014.0
2020-07-29,1.0,12014.0
2020-07-30,1.0,12014.0
2020-07-31,1.0,12014.0
2020-08-01,1.0,12014.0
2020-08-02,1.0,12014.0
2020-08-03,1.0,12014.0
2020-08-04,1.0,12014.0
2020-08-05,3.0,12017.0
2020-08-06,3.0,12017.0
2020-08-07,3.0,12017.0
2020-08-08,3.0,12017.0
2020-08-09,3.0,12017.0
2020-08-10,3.0,12017.0
2020-08-11,3.0,12017.0
2020-08-12,1.0,12018.0
2020-08-13,1.0,12018.0
2020-08-14,1.0,12018.0
2020-08-15,1.0,12018.0
2020-08-16,1.0,12018.0
2020-08-17,1.0,12019.0
2020-08-18,1.0,12019.0
2020-08-19,1.0,12019.0
2020-08-20,1.0,12020.0
2020-08-21,1.0,12020.0
2020-08-22,1.0,12020.0
2020-08-23,1.0,12020.0
2020-08-24,1.0,12020.0
2020-08-25,2.0,12022.0
2020-08-26,2.0,12022.0
2020-08-27,2.0,12022.0
2020-08-28,2.0,12022.0
2020-08-29,2.0,12022.0
2020-08-30,1.0,12023.0
2020-08-31,1.0,12023.0
2020-09-01,1.0,12024.0
2020-09-02,1.0,12024.0
2020-09-03,3.0,12027.0
2020-09-04,3.0,12027.0
2020-09-05,3.0,12027.0
2020-09-06,3.0,12027.0
2020-09-07,1.0,12028.0
2020-09-08,1.0,12028.0
2020-09-09,1.0,12028.0
2020-09-10,1.0,12028.0
2020-09-11,1.0,12028.0
2020-09-12,1.0,12028.0
2020-09-13,1.0,12028.0
2020-09-14,1.0,12028.0
2020-09-15,1.0,12029.0
