Type;Statut;Complément;Date de réalisation;Longueur;Date de pérennisation;geo_shape;geo_point_2d
Piste cyclable temporaire;Réalisé sud;ligne 4 et RER B;2020-05-07;1033.87651919;;"{""type"": ""LineString"", ""coordinates"": [[2.346790364416221, 48.853081588422434], [2.346776999835684, 48.85306000020347], [2.342158999634611, 48.844537999553445], [2.342045578480295, 48.844326854966795]]}";48.8487047913,2.344416963
Piste cyclable temporaire;Réalisé;ligne 13;2020-06-09;44.03122857;;"{""type"": ""LineString"", ""coordinates"": [[2.327192000003147, 48.883300000071586], [2.327238260170859, 48.88355583930591], [2.327360999507364, 48.883668000180876]]}";48.8834996918,2.32724809056
Piste cyclable temporaire;Réalisé;ligne 13;2020-06-24;474.83020054;;"{""type"": ""LineString"", ""coordinates"": [[2.31656999980609, 48.84679000022513], [2.31066806156457, 48.84504018969056]]}";48.845915095,2.31361903069
Piste cyclable temporaire;Réalisé;ligne 13;2020-06-25;457.63422299;;"{""type"": ""LineString"", ""coordinates"": [[2.323035000459435, 48.865934000155065], [2.32353405820156, 48.866509868165174], [2.325293000661123, 48.86901299971096], [2.325037453729955, 48.86968537756721]]}";48.8677545931,2.32434313699
Piste cyclable temporaire;Réalisé;;2020-07-09;2363.96526924;;"{""type"": ""LineString"", ""coordinates"": [[2.311578977229937, 48.832724649078095], [2.312871315272021, 48.832221508420425], [2.313598652071156, 48.83195098881991], [2.314168024095648, 48.8318233771958], [2.317222938621738, 48.83112102693754], [2.319149413285783, 48.83057280307327], [2.322651610699705, 48.82929877011184], [2.326464242994916, 48.82793121891302], [2.326775575241573, 48.82775574431634], [2.3271860135783218, 48.827857944282584], [2.3303670279608752, 48.82782820569156], [2.332528999327794, 48.827851999727784], [2.334813562996887, 48.82747823332906], [2.336610103775965, 48.827202659606115], [2.34168657870201, 48.826477567068274], [2.3416864885601623, 48.826484705822104]]}";48.8289345085,2.32649332293
Piste cyclable temporaire;A venir;;;826.07568672;;"{""type"": ""LineString"", ""coordinates"": [[2.351869259645921, 48.83679626635483], [2.350646328003814, 48.83853779724955], [2.350411987504012, 48.83856503838917], [2.343426224540433, 48.84128291735701]]}";48.8394040227,2.34794189786
Piste cyclable temporaire;Réalisé sud;ligne 4 et  RER B;2020-05-13;502.96582853;;"{""type"": ""LineString"", ""coordinates"": [[2.349284902217422, 48.85729385034213], [2.348351999500642, 48.85560400025817], [2.346790364416221, 48.853081588422434]]}";48.8551729799,2.348062825
Piste cyclable temporaire;Réalisé;ligne 13;2020-07-03;517.27597866;;"{""type"": ""LineString"", ""coordinates"": [[2.325037453729955, 48.86968537756721], [2.325626523055297, 48.87052664345108], [2.325621626185003, 48.87063267350637], [2.32507443921288, 48.87082708849939], [2.327078412635132, 48.873600983859056], [2.327053127970173, 48.873736327241005]]}";48.871645164,2.32586796939
Piste cyclable temporaire;A venir;;;937.66986668;;"{""type"": ""LineString"", ""coordinates"": [[2.356051999472335, 48.832237999829125], [2.361699462623927, 48.8398019685799]]}";48.8360199842,2.35887573105
Piste cyclable temporaire;Réalisé;ligne 13;2020-07-08;180.5279623;;"{""type"": ""LineString"", ""coordinates"": [[2.327093847375361, 48.87376192472313], [2.326896999706957, 48.87420900020779], [2.326634820136705, 48.875353962339915]]}";48.8745476696,2.32683332411
Piste cyclable temporaire;Réalisé sud;ligne 4 et  RER B;2020-05-30;83.7955498;;"{""type"": ""LineString"", ""coordinates"": [[2.349644999690442, 48.858009000149956], [2.349284902217422, 48.85729385034213]]}";48.8576514252,2.34946495095
Piste cyclable temporaire;A venir;;;4968.27697701;;"{""type"": ""LineString"", ""coordinates"": [[2.362346351130093, 48.867973482413156], [2.359661291637786, 48.86836163854525], [2.356376304693444, 48.86885263311337], [2.355590345810342, 48.86902483503331], [2.353543275346593, 48.86949047117171], [2.352631021202917, 48.86969449703112], [2.347880285119578, 48.87070415571855], [2.340044233305955, 48.87198082373339], [2.333383739450717, 48.87292812585727], [2.333019907091245, 48.872976595242356], [2.327712017262223, 48.8736805346677], [2.32273240883668, 48.87435000550874], [2.320402546589035, 48.87466752311416], [2.3201105423376482, 48.87473449626939], [2.319804161855215, 48.87477805725827], [2.319343470257452, 48.87481177551919], [2.316333770627141, 48.87521946598472], [2.315797802616616, 48.87531739149743], [2.315628747861204, 48.875288502425796], [2.314356118547549, 48.8752233267472], [2.311939654206406, 48.87514153977777], [2.30913602983219, 48.87502741511619], [2.30640855012801, 48.87493028304607], [2.305242316294194, 48.87485283903703], [2.304702368840807, 48.87479641356964], [2.3012747201413912, 48.874418433724536], [2.297268562665575, 48.87397216199417], [2.296130404956902, 48.87384760075975]]}";48.8727247157,2.32932705056
Piste cyclable temporaire;Réalisé;ligne 13;2020-06-09;599.38398246;;"{""type"": ""LineString"", ""coordinates"": [[2.326942356365491, 48.877912246982284], [2.327192000003147, 48.883300000071586]]}";48.8806061235,2.32706717818
Piste cyclable temporaire;Réalisé;ligne 1 et RER A;2020-05-17;3689.35319491;;"{""type"": ""LineString"", ""coordinates"": [[2.323035000459435, 48.865934000155065], [2.323194000248836, 48.86613200012689], [2.323279999953593, 48.866222000139224], [2.323394999664586, 48.866278999742626], [2.323490000053387, 48.866303999874994], [2.323677000018257, 48.86631299975613], [2.324133000398093, 48.86626099977044], [2.324201999885955, 48.86624499971293], [2.324984000524203, 48.865985999650974], [2.325966999453835, 48.86566899999015], [2.327230000286256, 48.865265999860945], [2.329259999683453, 48.8646060001609], [2.330075999588597, 48.864342999585716], [2.330195000469835, 48.86430299987458], [2.3313080005671623, 48.86394099958434], [2.331585999438148, 48.86385099989642], [2.331765999649839, 48.863792999798015], [2.332054999729531, 48.86370600040938], [2.332157999769735, 48.863668999593266], [2.332352999550991, 48.863603999950186], [2.333736999954845, 48.86315099963137], [2.334950999336193, 48.86275900013904], [2.335051999835697, 48.862722000100526], [2.335171000325346, 48.86268400006932], [2.335218000221905, 48.86267200034596], [2.335332000122654, 48.86264899958014], [2.33545999994199, 48.862607000377935], [2.335674999471317, 48.86254100016044], [2.335846999945987, 48.86248900031196], [2.336195000098279, 48.862383000320015], [2.336574000477494, 48.862263000141915], [2.336965999719805, 48.86213500002843], [2.338778000032531, 48.86155199961984], [2.339098999557281, 48.86142899987506], [2.339163999925971, 48.861409000272886], [2.339769999763467, 48.86120999974722], [2.340477999876437, 48.86098000017017], [2.340806999928554, 48.86086700020131], [2.341172000563598, 48.86075399966686], [2.342000000313227, 48.86047999985857], [2.342139999389088, 48.860437000031816], [2.342322999406334, 48.860378000421484], [2.343392000014264, 48.86003400039954], [2.343952000650437, 48.85985300010678], [2.344118000195371, 48.85980100040868], [2.344778000380324, 48.85959199982448], [2.345152000202501, 48.8594679995733], [2.345637000600582, 48.85930899991739], [2.346384000129274, 48.85906300013639], [2.347440000315032, 48.85872100000948], [2.348122000613932, 48.858500000140545], [2.348196000239758, 48.85847500018738], [2.348345999647912, 48.85842700039762], [2.349061999527971, 48.858194999577705], [2.349610999432039, 48.85801999968081], [2.349644999690442, 48.858009000149956], [2.350173999609265, 48.85783399958452], [2.351180999487347, 48.857519000020666], [2.351360999692492, 48.857466000426435], [2.35146200001634, 48.85743599961673], [2.352326999476944, 48.85725400000927], [2.353810000596474, 48.85690999997317], [2.354954000439374, 48.85664099966345], [2.355415999429421, 48.85653200027818], [2.356585999884238, 48.8562559997613], [2.3571020005827332, 48.85612500009855], [2.357954000336982, 48.855928000322756], [2.358952999819671, 48.85568599970914], [2.359671000483546, 48.85551799961977], [2.36006900049719, 48.85543200042506], [2.361010000271115, 48.85520900040154], [2.361135999634289, 48.8551769997467], [2.361655999989448, 48.855054999804295], [2.361895000333445, 48.8549829999003], [2.362239999545352, 48.85484900022885], [2.362285999888181, 48.85480900030817], [2.362324000048035, 48.85476900000413], [2.362612999511755, 48.85465700022593], [2.362710999970826, 48.85461600003957], [2.362900999906586, 48.85454000032484], [2.362993999815462, 48.85450599991597], [2.363577999749844, 48.854293000410635], [2.363698999668124, 48.85424800000535], [2.363789999536416, 48.8542199996076], [2.364647000163529, 48.85395200006115], [2.36472299966039, 48.85392799966202], [2.364842999581112, 48.85389399995715], [2.364924999639153, 48.853870999883846], [2.365622000629449, 48.853675999728694], [2.365709000575608, 48.85365599978326], [2.3664400006730473, 48.85349200038451], [2.366515000444235, 48.85347500040608], [2.367122999595208, 48.85339699997126], [2.3675170002412482, 48.85334900014211], [2.3676260003886282, 48.853326999816424], [2.368187000558801, 48.853253999599396], [2.368287000010702, 48.853231999710204], [2.368409999435274, 48.853186999692944], [2.368573000433866, 48.85316799957991], [2.368645999566625, 48.85315900004024]]}";48.859526685,2.34570712369
Piste cyclable temporaire;Réalisé;ligne 1 et RER A;2020-05-29;1374.2892373;;"{""type"": ""LineString"", ""coordinates"": [[2.394361210142564, 48.84861041227104], [2.383779240036337, 48.85021267959813], [2.381432921167872, 48.85039170198742], [2.380119511206716, 48.85045072733454], [2.378555416264285, 48.85069515309092], [2.376132160154664, 48.85128898445373]]}";48.8499105119,2.38523359094
Piste cyclable temporaire;Réalisé;;2020-06-18;1666.8694639;;"{""type"": ""LineString"", ""coordinates"": [[2.387543842852828, 48.86293709084981], [2.387227369806653, 48.86285607237506], [2.386863635811792, 48.862891763288985], [2.386193947812476, 48.86303510499867], [2.36571909597571, 48.86693219816276]]}";48.8648559963,2.37663281882
Piste cyclable temporaire;A venir;;;2069.95216272;;"{""type"": ""LineString"", ""coordinates"": [[2.369931924088486, 48.88266740065217], [2.369235781847821, 48.8825164079938], [2.361992014827123, 48.88061323218666], [2.358760194088496, 48.87975833014735], [2.35420750116993, 48.878567517208694], [2.353950365392516, 48.87850632507517], [2.347260455409995, 48.876758126971495], [2.343693501627131, 48.87581246845989]]}";48.8792544694,2.35680921806
Piste cyclable temporaire;A venir;;;849.37907097;;"{""type"": ""LineString"", ""coordinates"": [[2.369110533220569, 48.82161440970689], [2.359879507696872, 48.82621880093118]]}";48.8239166053,2.36449502046
Piste cyclable temporaire;Réalisé;;2020-07-04;280.86602554;;"{""type"": ""LineString"", ""coordinates"": [[2.412091999380038, 48.854640999731465], [2.413044801192274, 48.854317569258086], [2.413147175586291, 48.8544269428099], [2.413304046205252, 48.85452710705241], [2.413494941246845, 48.854597751298115], [2.413784592213361, 48.85463820415221], [2.413969367166888, 48.85462818666941], [2.414234192566345, 48.854565957081995], [2.414409446531732, 48.85447950804573], [2.414545546183676, 48.85436673574356], [2.414621447672965, 48.85425699458173], [2.415339718712269, 48.85437887122629]]}";48.8544680159,2.41371576641
Piste cyclable temporaire;Réalisé;ligne 1 et RER A;2020-05-14;961.37427999;;"{""type"": ""LineString"", ""coordinates"": [[2.28449600012996, 48.87711799987758], [2.28395399932116, 48.87721799990776], [2.282714999535991, 48.87680500016684], [2.281782000290939, 48.87686400044101], [2.28097700014434, 48.87746699963995], [2.2807279998097982, 48.87804999992384], [2.27979500054179, 48.878438999657696], [2.279797000650204, 48.87862299966516], [2.280428000552523, 48.878567999734784], [2.280999000478731, 48.878623999653115], [2.281459999608122, 48.8787730002285], [2.28177099988984, 48.87877300035204], [2.283220000158805, 48.878342000200846], [2.283842000032852, 48.87817299998649], [2.284217000373033, 48.878166000237464], [2.284754000443124, 48.87796099995741], [2.284303000541403, 48.87759499968733], [2.284603999811903, 48.8771859996909]]}";48.8778715847,2.28232990431
Piste cyclable temporaire;Réalisé;ligne 1 et RER A;2020-05-28;982.07568539;;"{""type"": ""LineString"", ""coordinates"": [[2.410780721860123, 48.847171416176074], [2.39753058094479, 48.84840961832155]]}";48.8477905172,2.4041556514
Piste cyclable temporaire;Réalisé;;2020-08-25;459.63398414;;"{""type"": ""LineString"", ""coordinates"": [[2.404383217456771, 48.871703230710594], [2.408448243838966, 48.87286367553303], [2.41013825234969, 48.8733383949385]]}";48.8725233389,2.40726001956
Piste cyclable temporaire;Réalisé;;2020-08-05;816.26776967;;"{""type"": ""LineString"", ""coordinates"": [[2.265010812064963, 48.83425524246705], [2.265439355588259, 48.83463076968876], [2.265625916306607, 48.834741650129665], [2.266473278403799, 48.835595615230424], [2.267533737506527, 48.83650138487679], [2.268799337799375, 48.83814762226765], [2.2693848469173172, 48.83887100496207], [2.270548819091184, 48.840103693407045], [2.270816334702189, 48.84026721146804], [2.271055631461036, 48.84035357157141]]}";48.8373058503,2.26804991014
Piste cyclable temporaire;Réalisé;ligne 13;2020-06-24;683.72192714;;"{""type"": ""LineString"", ""coordinates"": [[2.315236203999567, 48.857963168711336], [2.315160428593852, 48.8572948335019], [2.315115166652059, 48.85689560738502], [2.315031767310078, 48.85615999471045], [2.314511617407356, 48.851832936905964]]}";48.8548975519,2.31487819941
Piste cyclable temporaire;A venir;;;209.98996704;;"{""type"": ""LineString"", ""coordinates"": [[2.313737999931314, 48.86468700026716], [2.313437000055338, 48.86280899966782]]}";48.863748,2.31358749999
Piste cyclable temporaire;Réalisé;ligne 13;2020-06-05;403.04161021;;"{""type"": ""LineString"", ""coordinates"": [[2.327360999507364, 48.883668000180876], [2.325757166079223, 48.887134782395506]]}";48.8854013913,2.32655908279
Piste cyclable pérenne;Réalisé;;2020-08-20;474.64848275;2020-08-20;"{""type"": ""LineString"", ""coordinates"": [[2.2519407242455918, 48.838606283851625], [2.252489999478234, 48.83813099960557], [2.253644770611996, 48.8367666396497], [2.255187692678544, 48.83492101459493]]}";48.8367997876,2.25360117174
Piste cyclable temporaire;Réalisé;;2020-08-30;330.31234623;;"{""type"": ""LineString"", ""coordinates"": [[2.256381936689441, 48.8381626228355], [2.256089111554134, 48.838217537393845], [2.25520125037254, 48.838330605864655], [2.254093339508411, 48.838421381697614], [2.252648907578294, 48.83852458813511], [2.252218433779992, 48.838551382965285], [2.2519407242455918, 48.838606283851625]]}";48.8384031099,2.25416300816
Piste cyclable temporaire;Réalisé;;2020-06-18;424.57558083;;"{""type"": ""LineString"", ""coordinates"": [[2.298915036788387, 48.87824229008905], [2.298646575874535, 48.87810643640278], [2.298330730037765, 48.87782277138145], [2.298196638574512, 48.87773534391745], [2.297925112013468, 48.87775825520386], [2.296002000444537, 48.87510800030557]]}";48.8768273721,2.29734739477
Piste cyclable temporaire;A venir;;;855.8175001;;"{""type"": ""LineString"", ""coordinates"": [[2.331971049635047, 48.81700885242945], [2.334294000240344, 48.82114899985049], [2.336056291818213, 48.82421734912368]]}";48.8206181214,2.33400482684
Piste cyclable temporaire;Réalisé;;2020-06-26;1592.95565791;;"{""type"": ""LineString"", ""coordinates"": [[2.226394000024097, 48.85317599992867], [2.2262220006374, 48.85506700021634], [2.22656500053108, 48.856762000030486], [2.227637999586288, 48.85924599965211], [2.22927999961338, 48.86223000031701], [2.2304560005379592, 48.86193999989149], [2.2313550000121922, 48.86313099996222], [2.232782000422521, 48.863788000028364], [2.234418000683251, 48.86504499968108]]}";48.8599838825,2.22909994943
Piste cyclable temporaire;A venir;;;1604.99018388;;"{""type"": ""LineString"", ""coordinates"": [[2.359065112699232, 48.89868388472038], [2.359318096815513, 48.89554047177817], [2.359581623540707, 48.89354885702511], [2.3598287652673893, 48.89200471516192], [2.359904068286916, 48.89027693050448], [2.35989873689958, 48.88906407071991], [2.359824171467876, 48.887723496823156], [2.359718386660891, 48.88721425390172], [2.359599165482245, 48.886681421401484], [2.359376176000734, 48.88550476384224], [2.359319368286652, 48.8847876942464], [2.359300218821134, 48.88429333022778]]}";48.8914813724,2.35955955328
Piste cyclable temporaire;Réalisé nord;ligne 4 et  RER B;2020-06-30;613.71276833;;"{""type"": ""LineString"", ""coordinates"": [[2.332902209880447, 48.83483836110317], [2.336772999466858, 48.838833999777684], [2.336966937421652, 48.83959990799385]]}";48.8371322528,2.33509034892
Piste cyclable temporaire;Réalisé;ligne 13;2020-06-23;278.09048434;;"{""type"": ""LineString"", ""coordinates"": [[2.326681999962382, 48.875422000061], [2.326858999912732, 48.87611299999893], [2.326942356365491, 48.877912246982284]]}";48.876659407,2.3268637492
Piste cyclable pérenne;Réalisé;;2020-06-30;203.51055795;2020-06-30;"{""type"": ""LineString"", ""coordinates"": [[2.292212987308334, 48.827687473091125], [2.292158026801942, 48.82762299680019], [2.292122314081203, 48.82750283954521], [2.292186387733582, 48.82730161634006], [2.292388995086745, 48.827203844779035], [2.292654585839995, 48.827206556383565], [2.292833344564202, 48.8273059050661], [2.292903918001193, 48.827420859369646], [2.292907994456354, 48.827601076134236], [2.29274696076732, 48.82778527482514], [2.292538256210952, 48.827831237164425], [2.292303339265558, 48.82779346642533], [2.292220879433422, 48.827696731252566]]}";48.8275083255,2.29252110699
Piste cyclable temporaire;A venir;;;291.21897672;;"{""type"": ""LineString"", ""coordinates"": [[2.415354364129628, 48.85428011439936], [2.414652639917015, 48.854179433654444], [2.414670029424347, 48.85408703790693], [2.4146642474700992, 48.854020253743045], [2.414647100903837, 48.85394896220866], [2.414615513635435, 48.85387973057555], [2.414571120987198, 48.85381366403777], [2.414514744032214, 48.85375192226115], [2.414436185600777, 48.85368896031106], [2.41436726564591, 48.853645377864694], [2.414279438907062, 48.853602173186786], [2.414183991655145, 48.853566815718075], [2.414082697744005, 48.85353971703523], [2.413977058064547, 48.85352144386958], [2.413868025264555, 48.85351235342135], [2.41375900660038, 48.85351242730083], [2.413650002024724, 48.85352166460878], [2.413544418419595, 48.853540080244514], [2.413443072022633, 48.85356731578084], [2.413347735438155, 48.853602802537395], [2.413196190975127, 48.85368644617433], [2.412394999435155, 48.85322899996106]]}";48.8537294868,2.41391575003
Piste cyclable temporaire;Réalisé;;2020-08-05;281.96355121;;"{""type"": ""LineString"", ""coordinates"": [[2.269580886867704, 48.838621464870016], [2.269461233455894, 48.83847795765765], [2.269305117330962, 48.83836397347258], [2.2690955600337492, 48.83820504457719], [2.268917126415535, 48.838076050522915], [2.268634480942033, 48.837666816960294], [2.2683737827944, 48.83729935876303], [2.267845804881522, 48.83671312520635], [2.267533737506527, 48.83650138487679]]}";48.8375579105,2.26856140021
Piste cyclable temporaire;Réalisé;;2020-09-03;1437.01811477;;"{""type"": ""LineString"", ""coordinates"": [[2.335277974250329, 48.86272418717434], [2.335576698215978, 48.863267621972334], [2.33534760741064, 48.86361016224041], [2.335177217501957, 48.863961498128845], [2.335003415677636, 48.864361133908474], [2.334824415874539, 48.864807450658226], [2.334119899431461, 48.86642838149709], [2.333675322766867, 48.86751611692344], [2.332495707923967, 48.870198448512554], [2.331874558568215, 48.871089795522636], [2.330414924200541, 48.87187545974997], [2.327053127970173, 48.873736327241005]]}";48.8689637801,2.33224245473
Piste cyclable temporaire;Réalisé;ligne 13;2020-06-01;268.58139678;;"{""type"": ""LineString"", ""coordinates"": [[2.310677000437777, 48.84500300030973], [2.31237700024029, 48.84286400034054]]}";48.8439335003,2.31152700034
Piste cyclable temporaire;A venir;;;309.16083628;;"{""type"": ""LineString"", ""coordinates"": [[2.256918429457038, 48.83741884886455], [2.256615749533745, 48.83702445690291], [2.256435433071324, 48.8365051691826], [2.256090574216228, 48.836102149092575], [2.255799560123434, 48.83589788804627], [2.2553444234803672, 48.835303530095224], [2.255187692678544, 48.83492101459493]]}";48.8361689806,2.25605378244
Piste cyclable temporaire;Réalisé;;2020-06-26;208.16679083;;"{""type"": ""LineString"", ""coordinates"": [[2.318136691690054, 48.837483797415786], [2.318282821975432, 48.83749186036984], [2.318489860374426, 48.837465094031735], [2.31863802964605, 48.83741420997868], [2.318698941991463, 48.837364650901485], [2.318755804459934, 48.837289390815066], [2.31877079549614, 48.83723850349967], [2.318725604505996, 48.83709761612059], [2.318634861187484, 48.83699372654292], [2.318492017736165, 48.83690329142475], [2.318320184183743, 48.83689179773251], [2.3181597950818222, 48.83691175435722], [2.318051808269874, 48.836941323415054], [2.317960042982943, 48.837017593836556], [2.317908549055097, 48.83712345737177], [2.317877001447956, 48.83722115772164], [2.317905389654915, 48.837297528628575], [2.317983000141749, 48.837396999900456], [2.318136691690054, 48.837483797415786]]}";48.8371957929,2.31832099157
Piste cyclable temporaire;Réalisé;;2020-05-17;310.61326294;;"{""type"": ""LineString"", ""coordinates"": [[2.335033809322136, 48.86270769203099], [2.333243109462817, 48.860176464053545]]}";48.861442078,2.33413845939
Piste cyclable temporaire;Réalisé;;2020-09-01;144.43600755;;"{""type"": ""LineString"", ""coordinates"": [[2.371070416628423, 48.8454557507445], [2.371466989178622, 48.84519790679504], [2.372005410201195, 48.844729911026924], [2.372303595863175, 48.84444787744916]]}";48.8449750252,2.3717052316
Piste cyclable temporaire;Réalisé nord;ligne 4 et  RER B;2020-05-13;274.63226331;;"{""type"": ""LineString"", ""coordinates"": [[2.346565509688086, 48.856260816462566], [2.346990522871149, 48.857000689459916], [2.347298988542188, 48.85730692327171], [2.347555160767763, 48.85767141521323], [2.348122000613932, 48.858500000140545]]}";48.8573871213,2.34733084774
Piste cyclable temporaire;Réalisé;ligne 1 et RER A;2020-05-11;1729.54310228;;"{""type"": ""LineString"", ""coordinates"": [[2.460358000220799, 48.83888699997733], [2.449120000316303, 48.841835000155925], [2.448235000318798, 48.843112999558805], [2.4461749999036613, 48.843790999562124], [2.439222000149206, 48.844524999680885]]}";48.841996931,2.44981605824
Piste cyclable temporaire;A venir;;;927.77599303;;"{""type"": ""LineString"", ""coordinates"": [[2.2748629682541193, 48.858172471779845], [2.274759659094952, 48.85763150975579], [2.27473646141153, 48.85710981874077], [2.274733079775519, 48.85644705093001], [2.275373826474186, 48.85482618310825], [2.275524495384625, 48.854208011690254], [2.27582761231986, 48.852967812629814], [2.275780377608937, 48.8527485438454], [2.2790546749311122, 48.85091352043257]]}";48.8540009418,2.27607640121
Piste cyclable temporaire;Réalisé;;2020-08-12;304.94586907;;"{""type"": ""LineString"", ""coordinates"": [[2.322847947680724, 48.83770350172389], [2.322581130671863, 48.83764525964958], [2.322364365388093, 48.83762637543221], [2.320917800533342, 48.837513130794996], [2.32021482210477, 48.83748862585627], [2.319571803689003, 48.83737133982844], [2.319444759710709, 48.83736120337113], [2.31877079549614, 48.83723850349967]]}";48.8374949131,2.32080640856
Piste cyclable temporaire;Réalisé;ligne 13;2020-06-05;547.9769275;;"{""type"": ""LineString"", ""coordinates"": [[2.319072999387834, 48.86265300005226], [2.320221000576511, 48.86421899969957], [2.321532000436897, 48.863896999683426], [2.323035000459435, 48.865934000155065]]}";48.8642233731,2.32107818626
Piste cyclable temporaire;A venir;;;207.35380919;;"{""type"": ""LineString"", ""coordinates"": [[2.253644770611996, 48.8367666396497], [2.254289410885534, 48.836769913814116], [2.2552968917493548, 48.836633947792706], [2.255951850491406, 48.836490349626544], [2.256330164202335, 48.83631552773318]]}";48.8366380558,2.25500655671
Piste cyclable temporaire;A venir;;;194.10543121;;"{""type"": ""LineString"", ""coordinates"": [[2.253644770611996, 48.8367666396497], [2.253824892174501, 48.836897183777054], [2.253930487143057, 48.837065964773515], [2.254232906426146, 48.83798119709974], [2.254093339508411, 48.838421381697614]]}";48.8375512871,2.25403829315
Piste cyclable temporaire;Réalisé nord;ligne 4 et  RER B;2020-05-15;502.97821862;;"{""type"": ""LineString"", ""coordinates"": [[2.325583000382641, 48.82330300015468], [2.326316999526066, 48.82637199973068], [2.326775575241573, 48.82775574431634]]}";48.8255410083,2.32613842002
Piste cyclable temporaire;Réalisé;ligne 13;2020-06-13;670.64194619;;"{""type"": ""LineString"", ""coordinates"": [[2.325701118347247, 48.88725649309565], [2.325590158701816, 48.88749744582655], [2.327467993366486, 48.893142449306545]]}";48.8901943211,2.32649136487
Piste cyclable temporaire;A venir;;;1157.43994753;;"{""type"": ""LineString"", ""coordinates"": [[2.31237700024029, 48.84286400034054], [2.317704101234504, 48.84442254713589], [2.320203394313758, 48.84511344750706], [2.326546038433233, 48.846947876297286], [2.326855530436908, 48.846950231416166]]}";48.8449519312,2.31960916939
Piste cyclable temporaire;Réalisé;ligne 13;2020-06-01;591.8981066;;"{""type"": ""LineString"", ""coordinates"": [[2.319306000220598, 48.89110399991627], [2.325377949163927, 48.887596714362836]]}";48.8893503571,2.32234197469
Piste cyclable temporaire;Réalisé;ligne 13;2020-06-01;590.86361995;;"{""type"": ""LineString"", ""coordinates"": [[2.314511617407356, 48.851832936905964], [2.314486692778984, 48.851411639660036], [2.31445351134767, 48.850992211473155], [2.314356062716016, 48.850790629163086], [2.315971343643938, 48.84793424052235], [2.316270000351443, 48.84744599963888], [2.31656999980609, 48.84679000022513]]}";48.8492727263,2.31528985447
Piste cyclable temporaire;Réalisé;;2020-06-26;511.01700755;;"{""type"": ""LineString"", ""coordinates"": [[2.343693501627131, 48.87581246845989], [2.34094108457008, 48.87508266055076], [2.337214149881326, 48.874123490206344]]}";48.874962206,2.34045533405
Piste cyclable temporaire;Réalisé;;2020-09-03;1333.72887779;;"{""type"": ""LineString"", ""coordinates"": [[2.296380845809208, 48.83728681479687], [2.299418134558461, 48.838785872105454], [2.300823018623785, 48.839417433830526], [2.304248121385195, 48.840409362720166], [2.31237700024029, 48.84286400034054]]}";48.8403270083,2.30428021348
Piste cyclable temporaire;Réalisé sud;ligne 4 et  RER B;2020-05-27;2626.62116164;;"{""type"": ""LineString"", ""coordinates"": [[2.342045578480295, 48.844326854966795], [2.341428999331296, 48.84317900006227], [2.341214000522883, 48.84137199994418], [2.339776999521777, 48.838660999730244], [2.335850000267371, 48.832978000336475], [2.334197999897789, 48.8303309995735], [2.333961999611155, 48.82970900033121], [2.332528999327794, 48.827851999727784], [2.3302820003289613, 48.822157000215704]]}";48.8332708471,2.33618017474
Piste cyclable temporaire;A venir;;;2244.78700915;;"{""type"": ""LineString"", ""coordinates"": [[2.396369503704233, 48.886265079387556], [2.394011000620242, 48.88644799975298], [2.389854557398895, 48.88609727751993], [2.386878008924991, 48.88567362362584], [2.3828103104297202, 48.884907545797354], [2.379028655798114, 48.88463089839131], [2.378755059815679, 48.88452692714756], [2.375079499532602, 48.88249979673865], [2.374166208767268, 48.88201183149103], [2.37337855032247, 48.88132944043608], [2.373146802258248, 48.88120541485165], [2.372845460454263, 48.88081504576651], [2.37274122759802, 48.88053684334485], [2.370621559282739, 48.878311441068405]]}";48.8841999214,2.38270320386
Piste cyclable temporaire;A venir;;2020-06-23;241.65343642;;"{""type"": ""LineString"", ""coordinates"": [[2.385539998253844, 48.8975478682085], [2.388835650340946, 48.89758166606095]]}";48.8975647671,2.3871878243
Piste cyclable temporaire;A venir;;;659.16927997;;"{""type"": ""LineString"", ""coordinates"": [[2.3700422533331063, 48.87770980849237], [2.369910830712027, 48.8775789123927], [2.368498029667264, 48.876144344907466], [2.368308855136385, 48.876022365716494], [2.368282825816334, 48.875953452696734], [2.364896035681367, 48.87370790327936], [2.364213863218406, 48.8732426966793]]}";48.8753531108,2.36723212779
Piste cyclable temporaire;Réalisé;;2020-06-18;383.41107587;;"{""type"": ""LineString"", ""coordinates"": [[2.344165000208759, 48.90126099961247], [2.344121999656932, 48.89829900042526], [2.344551000160625, 48.89790399979969]]}";48.8995039229,2.34417524428
Piste cyclable pérenne;Réalisé;ligne 13;2020-05-15;602.05053855;2020-05-15;"{""type"": ""LineString"", ""coordinates"": [[2.315236203999567, 48.857963168711336], [2.315369517274142, 48.858844033191986], [2.314690220631665, 48.85888342537697], [2.315246999423534, 48.862945999858994]]}";48.8602742368,2.31502846055
Piste cyclable temporaire;A venir;;;4254.65154991;;"{""type"": ""LineString"", ""coordinates"": [[2.319002000346325, 48.86254899999743], [2.318985000080109, 48.86252500034664], [2.319252999674252, 48.8624419997303], [2.319367999470432, 48.8623939999111], [2.31946699971491, 48.86233499988898], [2.319523000112564, 48.8622859997847], [2.319641000171837, 48.86218199986157], [2.319792000537102, 48.8620339996308], [2.31990499962068, 48.86191799975812], [2.320335999381923, 48.86149299980094], [2.320413000636921, 48.861417000412345], [2.320546999464064, 48.86127400012201], [2.320617000623813, 48.8611999996743], [2.320782000382501, 48.86101700019873], [2.321469999928042, 48.86026100018104], [2.321717999888503, 48.85999199994792], [2.322000000527562, 48.859701000290976], [2.322523000384482, 48.859163000418846], [2.322565000224189, 48.85912000004267], [2.322653999478691, 48.85902800008384], [2.322744000526732, 48.85892999984941], [2.323046999824896, 48.85859999992267], [2.323087999790441, 48.858554999825635], [2.323128999685165, 48.8585099997127], [2.323200999830738, 48.85843399976444], [2.323490000170144, 48.85812799959357], [2.323581999562973, 48.85803100015178], [2.323616999910764, 48.85799399986029], [2.323896000456882, 48.85769799955695], [2.324598000395564, 48.85697200017804], [2.325376000650075, 48.85639599996881], [2.325743999368751, 48.85613599965996], [2.325838000431145, 48.8560910003941], [2.325971999573829, 48.856039000052945], [2.326080000148569, 48.85599200014478], [2.326778000310683, 48.85567299989396], [2.326841000005177, 48.85564300021474], [2.326966000297531, 48.855586999961254], [2.327677999778117, 48.855274999974455], [2.329049000598086, 48.85488499982719], [2.329224000111065, 48.854835000143375], [2.329291999921346, 48.85481500013969], [2.330341999640048, 48.854503999658924], [2.330470000294492, 48.85446599961497], [2.330607999634091, 48.85437499972031], [2.331109999889876, 48.85425600015719], [2.331489000197051, 48.854165999968075], [2.331598000278924, 48.85414099975992], [2.33187099940664, 48.85407499995182], [2.332037999590177, 48.854036000057974], [2.332184999832278, 48.854078000250844], [2.332715000655425, 48.85395100027444], [2.333055999599237, 48.85386300010614], [2.333125999584718, 48.853848999675236], [2.333341999495028, 48.85379499999175], [2.333714000190803, 48.853704000442924], [2.3341990004414273, 48.85358700044949], [2.3346610005840303, 48.85347499962337], [2.335351999756009, 48.853307000112224], [2.335520999658445, 48.853264999921294], [2.335592999391456, 48.85324699982648], [2.335895000306826, 48.85316799970065], [2.336905000658097, 48.85292300026939], [2.336992000183979, 48.852902000366164], [2.336992999821469, 48.85284700041612], [2.33711099960895, 48.85281400031794], [2.337714000138662, 48.8526679996842], [2.3378070003296942, 48.852644999857894], [2.338611000509566, 48.85244699997357], [2.338744000486708, 48.85241999983888], [2.338930000332227, 48.852374000308274], [2.33990100048837, 48.85213699999438], [2.340163999436121, 48.85207199992404], [2.341963999475935, 48.85163200008942], [2.342970000011507, 48.85138600021279], [2.34307099993454, 48.851360999583264], [2.343145000403393, 48.851342999631754], [2.343827999346043, 48.85118000029159], [2.344143000038482, 48.85108299964655], [2.344909999715153, 48.85090700017992], [2.3453540003850932, 48.85080499974828], [2.345504999690051, 48.85077100005497], [2.345897000312942, 48.850676999818276], [2.346391000312556, 48.8505590004095], [2.347420999614428, 48.85031199968203], [2.3475210001873252, 48.85028799982204], [2.347975000338607, 48.85017299992457], [2.348129999444619, 48.85020199976968], [2.34838500027444, 48.85013800018981], [2.34867199998146, 48.85006600001179], [2.3487400002553542, 48.850048999994655], [2.34900800052646, 48.849983999609975], [2.349422999992859, 48.84988500011224], [2.349447999709307, 48.84987899973455], [2.350214000406861, 48.84968699995186], [2.350276999538901, 48.8496709998648], [2.350366999448083, 48.84964499980753], [2.350490999849765, 48.849618999895384], [2.350890999852235, 48.84959500029229], [2.351571000482633, 48.849570999960655], [2.3517630000306, 48.849567000373554], [2.351874000589091, 48.849562999714664], [2.35244999954311, 48.84953900025343], [2.352702000349819, 48.849528000425515], [2.352873000180438, 48.849521000307874], [2.353037999644799, 48.849514999961734], [2.354186000658003, 48.849465999587466], [2.354264999447995, 48.849462000243804], [2.35442199997332, 48.84945000017821], [2.35473599931449, 48.84942700040466], [2.355004000369869, 48.849416000182245], [2.355356000409552, 48.84943400025462], [2.355786999436449, 48.84941900008783], [2.355963999768427, 48.84941400015403], [2.356133999748562, 48.849407999974815], [2.35663300057319, 48.84939200016902], [2.356727999576824, 48.849397999744575], [2.356789999866808, 48.849402999835895], [2.35695799982535, 48.849442999713936], [2.35699100063461, 48.84945299984725], [2.358831999894591, 48.85002000032937], [2.3589589993548, 48.85005899969044], [2.359029999692555, 48.85008099968994], [2.359080000191689, 48.85009599989001], [2.359338999937656, 48.85017599970194], [2.359800000351007, 48.85031899970168], [2.359990000300224, 48.85037500009033], [2.3600930004876712, 48.850407999754914], [2.360229000161101, 48.85044800009574], [2.361246000131165, 48.85075300004148], [2.36127299953713, 48.85076200012711], [2.361314000160473, 48.8507739996491], [2.361428999880766, 48.85081000038927], [2.365482000449373, 48.85204400020057], [2.365486999417841, 48.85204599989224], [2.365547000110821, 48.85206400025412], [2.3656430003361413, 48.852090999719394], [2.365932000320257, 48.852184000316946], [2.366300999686888, 48.852287000237624], [2.366988000395838, 48.85249200014489], [2.367059000569648, 48.85251399979212], [2.367366000122432, 48.85260700034435], [2.367824999483275, 48.85273999976686], [2.368045000082649, 48.852803999699944], [2.368119000561812, 48.8528250000838], [2.368432000134411, 48.852916999782096], [2.368494999745971, 48.85289799981336], [2.368499000535691, 48.85290399982512]]}";48.8531157298,2.34273819328
Piste cyclable temporaire;A venir;;2020-07-04;83.3344164;;"{""type"": ""LineString"", ""coordinates"": [[2.415339718712269, 48.85437887122629], [2.415232999491039, 48.855125000254745]]}";48.8547519357,2.4152863591
Piste cyclable temporaire;Réalisé;ligne 13;2020-06-01;421.45185679;;"{""type"": ""LineString"", ""coordinates"": [[2.314617999525142, 48.84047900020618], [2.318136691690054, 48.837483797415786]]}";48.8389813988,2.31637734561
Piste cyclable temporaire;A venir;ligne 4 et  RER B;;147.12967909;;"{""type"": ""LineString"", ""coordinates"": [[2.331911034326938, 48.83368827933393], [2.332902209880447, 48.83483836110317]]}";48.8342633202,2.3324066221
Piste cyclable temporaire;Réalisé;;2020-06-24;51.47203072;;"{""type"": ""LineString"", ""coordinates"": [[2.363733126142952, 48.87290549373308], [2.364213863218406, 48.8732426966793]]}";48.8730740952,2.36397349468
Piste cyclable temporaire;Réalisé;;2020-08-05;121.2519792;;"{""type"": ""LineString"", ""coordinates"": [[2.2664080819670698, 48.83552991254528], [2.266697193880514, 48.835403256171], [2.266869989823854, 48.835291283539874], [2.266902824457914, 48.835199275274746], [2.266938390216013, 48.83459269337093]]}";48.8351463376,2.26680021981
Tunnel;Réalisé;ligne 1 et RER A;2020-05-09;633.33537731;2020-05-09;"{""type"": ""LineString"", ""coordinates"": [[2.298761794787325, 48.872594349002284], [2.298363185637543, 48.87293533836009], [2.297428264743785, 48.87322959574781], [2.296797313631254, 48.87346401612981], [2.295627028061668, 48.87402125986877], [2.295302473976345, 48.874142121591305], [2.294888456030873, 48.87425099875583], [2.294363266591858, 48.87431744204824], [2.293442267344789, 48.8744905935803], [2.291925722442869, 48.874965168434024], [2.291140536077536, 48.875016196951265]]}";48.8740317906,2.29503307193
Piste cyclable temporaire;Réalisé nord;ligne 4 et  RER B;2020-05-30;760.69092643;;"{""type"": ""LineString"", ""coordinates"": [[2.326775575241573, 48.82775574431634], [2.326831999648155, 48.82792600007268], [2.331911034326938, 48.83368827933393]]}";48.8307394553,2.32931292644
Piste cyclable temporaire;A venir;ligne 4 et  RER B;;263.34709201;;"{""type"": ""LineString"", ""coordinates"": [[2.344781959340336, 48.85421362361763], [2.345428502838391, 48.85479202270556], [2.345860285132901, 48.85532853307447], [2.346336641704723, 48.85597687131385], [2.346565509688086, 48.856260816462566]]}";48.8551993701,2.34571476124
Piste cyclable temporaire;Réalisé nord;ligne 4 et  RER B;2020-05-08;1722.68725954;;"{""type"": ""LineString"", ""coordinates"": [[2.336966937421652, 48.83959990799385], [2.337244999416245, 48.84069799984261], [2.340902999594195, 48.84740600032679], [2.342705999745892, 48.85028600036574], [2.344359540664426, 48.85379000648719], [2.344726135493122, 48.85418582737377]]}";48.8469564409,2.34071852107
Piste cyclable temporaire;Réalisé nord;ligne 4 et  RER B;2020-05-20;357.58466093;;"{""type"": ""LineString"", ""coordinates"": [[2.323932648062568, 48.82027765339303], [2.325057983296519, 48.821872547455825], [2.325115203234591, 48.82206091762033], [2.32555389362435, 48.82329158474436]]}";48.8217313243,2.32484633239
Piste cyclable temporaire;Réalisé;;2020-09-15;492.15108942;;"{""type"": ""LineString"", ""coordinates"": [[2.2575439128673658, 48.83761682006195], [2.258228786354201, 48.83741757362187], [2.259593036318805, 48.83720563661091], [2.260329942019682, 48.83700163762753], [2.260666109782625, 48.83703171892889], [2.263573175113648, 48.836618650514346], [2.263788613754115, 48.83636311487207]]}";48.8370310075,2.26070850324
Piste cyclable temporaire;Réalisé;;2020-06-27;183.91359698;;"{""type"": ""LineString"", ""coordinates"": [[2.301635999815642, 48.86414999972664], [2.301786000600654, 48.86249899989465]]}";48.8633244998,2.30171100021
Piste cyclable temporaire;Réalisé;;2020-08-17;503.15335889;;"{""type"": ""LineString"", ""coordinates"": [[2.367294819426837, 48.84564488055835], [2.3724870003787, 48.848600000179076]]}";48.8471224404,2.3698909099
Piste cyclable temporaire;A venir;;;223.3036886;;"{""type"": ""LineString"", ""coordinates"": [[2.293944443395337, 48.836084185055874], [2.2939800579955962, 48.83610178646283], [2.296380845809208, 48.83728681479687]]}";48.8366855087,2.29516264029
Piste cyclable temporaire;Réalisé;ligne 13;2020-06-13;565.19476785;;"{""type"": ""LineString"", ""coordinates"": [[2.327467993366486, 48.893142449306545], [2.32807677426146, 48.89505532981088], [2.328759966337449, 48.89706328858675], [2.329044353970389, 48.89811706225658]]}";48.8956254918,2.32827110279
Piste cyclable temporaire;A venir;;;245.73926186;;"{""type"": ""LineString"", ""coordinates"": [[2.370621559282739, 48.878311441068405], [2.370522502581982, 48.878405075794234], [2.370453390952516, 48.87842560025353], [2.3700955025173602, 48.878439105244986], [2.370003455620744, 48.87841620054309], [2.369919139490928, 48.87832953515951], [2.369876405709606, 48.87824132859462], [2.369870999443644, 48.878123000209285], [2.369873620850969, 48.87794690679317], [2.36991104569548, 48.877842220056564], [2.3700422533331063, 48.87770980849237], [2.370148702456842, 48.87766058696218], [2.370285026154757, 48.87763609494639], [2.37040692227278, 48.87764908931487], [2.3705711334951, 48.8777352365073], [2.370635430628949, 48.87785567497746], [2.370685851584143, 48.87801878840553], [2.370621559282739, 48.878311441068405]]}";48.8780551658,2.3702697596
Piste cyclable temporaire;A venir;;;2250.03456488;;"{""type"": ""LineString"", ""coordinates"": [[2.294064513598016, 48.87243432920767], [2.293228743828168, 48.8712853689727], [2.291594929417679, 48.869030881655725], [2.289987671208185, 48.86681567910214], [2.288676523620028, 48.864967933707526], [2.287494000686259, 48.86339945291781], [2.287021369839835, 48.86238846224686], [2.286739873448889, 48.86210442039822], [2.286137726294836, 48.86188996591619], [2.281046295538822, 48.86023445751544], [2.279127698573617, 48.8597387240837], [2.277354786961735, 48.85923557871219], [2.274979443179356, 48.85833341515139], [2.2748629682541193, 48.858172471779845]]}";48.8637658769,2.28558082214
Piste cyclable temporaire;A venir;;;174.93203633;;"{""type"": ""LineString"", ""coordinates"": [[2.274621000542293, 48.847109000402185], [2.276615999670837, 48.84624799967271]]}";48.8466785,2.27561850011
Piste cyclable temporaire;Réalisé;;2020-06-26;333.03292621;;"{""type"": ""LineString"", ""coordinates"": [[2.337214149881326, 48.874123490206344], [2.333019907091245, 48.872976595242356]]}";48.8735500427,2.33511702849
Piste cyclable temporaire;A venir;;;1761.98969279;;"{""type"": ""LineString"", ""coordinates"": [[2.277446428480198, 48.84611706699044], [2.293586581324952, 48.84692863773559], [2.295746563350045, 48.84704413701552], [2.296172199870835, 48.84711221173057], [2.301275098618173, 48.84782975833289]]}";48.8467791646,2.28937932303
Piste cyclable temporaire;A venir;;;720.91732347;;"{""type"": ""LineString"", ""coordinates"": [[2.408253106324481, 48.864523218201775], [2.398443844662387, 48.864910475129804]]}";48.8647168467,2.40334847549
Piste cyclable temporaire;Réalisé;;2020-06-18;797.65804214;;"{""type"": ""LineString"", ""coordinates"": [[2.344551000160625, 48.89790399979969], [2.348912279841774, 48.89253386076978], [2.349625439667741, 48.891559776014645]]}";48.8947476216,2.34710861718
Piste cyclable temporaire;Réalisé;;2020-08-25;1086.04190759;;"{""type"": ""LineString"", ""coordinates"": [[2.404383217456771, 48.871703230710594], [2.398649446220022, 48.86510022950174], [2.398443844662387, 48.864910475129804], [2.3962010014136013, 48.86499452273016], [2.395531331471652, 48.86499280254573]]}";48.8674825467,2.40034139177
Piste cyclable temporaire;A venir;;;165.21473532;;"{""type"": ""LineString"", ""coordinates"": [[2.272618323224177, 48.858290476084804], [2.2748629682541193, 48.858172471779845]]}";48.8582314739,2.27374064574
Piste cyclable temporaire;Réalisé;;2020-06-27;356.80506953;;"{""type"": ""LineString"", ""coordinates"": [[2.370284157531814, 48.89869098699528], [2.37024847030218, 48.89984531615911], [2.370222781976452, 48.90038938655511], [2.370309266406529, 48.90052036767933], [2.3703194048116663, 48.90089077716676], [2.370296660755741, 48.90098442538981], [2.370165007485161, 48.90152092879449], [2.370261407558461, 48.901808120400474], [2.370318145621896, 48.90186006353102]]}";48.9003007825,2.37025745919
Piste cyclable temporaire;Réalisé;;2020-09-07;319.49021671;;"{""type"": ""LineString"", ""coordinates"": [[2.2575439128673658, 48.83761682006195], [2.257641438990877, 48.83787372051099], [2.257597756816688, 48.838022880677705], [2.257322205548353, 48.83832718357634], [2.256999310254722, 48.83842686803166], [2.256477758555135, 48.83829921847175], [2.256381936689441, 48.8381626228355], [2.25640005497873, 48.8378173679656], [2.2565442168518, 48.837630779249785], [2.256789376659792, 48.83747900140479], [2.256918429457038, 48.83741884886455], [2.25735839202159, 48.83750724950159], [2.2575439128673658, 48.83761682006195]]}";48.8379280809,2.25699275594
Piste cyclable temporaire;Réalisé;ligne 13;2020-07-15;312.60782549;;"{""type"": ""LineString"", ""coordinates"": [[2.310156999490268, 48.89612400038503], [2.313427000539614, 48.894320000341295]]}";48.8952220004,2.31179200001
Piste cyclable temporaire;Réalisé;;2020-06-18;630.39796057;;"{""type"": ""LineString"", ""coordinates"": [[2.395531331471652, 48.86499280254573], [2.395368595408017, 48.864887311673805], [2.391106117794091, 48.86380427575064], [2.387543842852828, 48.86293709084981]]}";48.8639268378,2.3915523727
Piste cyclable temporaire;Réalisé;;2020-06-23;102.0902314;;"{""type"": ""LineString"", ""coordinates"": [[2.386288779226912, 48.898321919136556], [2.385539998253844, 48.8975478682085]]}";48.8979348937,2.38591438874
Piste cyclable temporaire;Réalisé;;2020-09-03;559.00910661;;"{""type"": ""LineString"", ""coordinates"": [[2.288347036956087, 48.83268319786071], [2.29289999992468, 48.83556800021388], [2.293944443395337, 48.836084185055874]]}";48.8344278325,2.29112093984
