Identifiant du compteur,Nom du compteur,Coordonnées géographiques,Postal code
100003096-SC,97 avenue Denfert Rochereau SO-NE,"48.83511,2.33338",75014
100003096-SC,97 avenue Denfert Rochereau SO-NE,"48.83511,2.33338",75014
100003096-SC,97 avenue Denfert Rochereau SO-NE,"48.83511,2.33338",75014
100003096-SC,97 avenue Denfert Rochereau SO-NE,"48.83511,2.33338",75014
100003096-SC,97 avenue Denfert Rochereau SO-NE,"48.83511,2.33338",75014
100003097-SC,105 rue La Fayette E-O,"48.877667,2.350556",75010
100003097-SC,105 rue La Fayette E-O,"48.877667,2.350556",75010
100003097-SC,105 rue La Fayette E-O,"48.877667,2.350556",75010
100003097-SC,105 rue La Fayette E-O,"48.877667,2.350556",75010
100003097-SC,105 rue La Fayette E-O,"48.877667,2.350556",75010
100003098-SC,106 avenue Denfert Rochereau NE-SO,"48.83521,2.33307",75014
100003098-SC,106 avenue Denfert Rochereau NE-SO,"48.83521,2.33307",75014
100003098-SC,106 avenue Denfert Rochereau NE-SO,"48.83521,2.33307",75014
100003098-SC,106 avenue Denfert Rochereau NE-SO,"48.83521,2.33307",75014
100003098-SC,106 avenue Denfert Rochereau NE-SO,"48.83521,2.33307",75014
100003099-SC,100 rue La Fayette O-E,"48.87746,2.35008",75010
100003099-SC,100 rue La Fayette O-E,"48.87746,2.35008",75010
100003099-SC,100 rue La Fayette O-E,"48.87746,2.35008",75010
100003099-SC,100 rue La Fayette O-E,"48.87746,2.35008",75010
100003099-SC,100 rue La Fayette O-E,"48.87746,2.35008",75010
100006300-SC,135 avenue Daumesnil SE-NO,"48.843435,2.383378",75012
100006300-SC,135 avenue Daumesnil SE-NO,"48.843435,2.383378",75012
100006300-SC,135 avenue Daumesnil SE-NO,"48.843435,2.383378",75012
100006300-SC,135 avenue Daumesnil SE-NO,"48.843435,2.383378",75012
100006300-SC,135 avenue Daumesnil SE-NO,"48.843435,2.383378",75012
100007049-102007049,28 boulevard Diderot E-O,"48.846028,2.375429",75012
100007049-102007049,28 boulevard Diderot E-O,"48.846028,2.375429",75012
100007049-102007049,28 boulevard Diderot E-O,"48.846028,2.375429",75012
100007049-102007049,28 boulevard Diderot E-O,"48.846028,2.375429",75012
100007049-102007049,28 boulevard Diderot E-O,"48.846028,2.375429",75012
100007049-101007049,28 boulevard Diderot O-E,"48.846028,2.375429",75012
100007049-101007049,28 boulevard Diderot O-E,"48.846028,2.375429",75012
100007049-101007049,28 boulevard Diderot O-E,"48.846028,2.375429",75012
100007049-101007049,28 boulevard Diderot O-E,"48.846028,2.375429",75012
100007049-101007049,28 boulevard Diderot O-E,"48.846028,2.375429",75012
100036718-104036718,39 quai François Mauriac NO-SE,"48.83436,2.377",75013
100036718-104036718,39 quai François Mauriac NO-SE,"48.83436,2.377",75013
100036718-104036718,39 quai François Mauriac NO-SE,"48.83436,2.377",75013
100036718-104036718,39 quai François Mauriac NO-SE,"48.83436,2.377",75013
100036718-104036718,39 quai François Mauriac NO-SE,"48.83436,2.377",75013
100036718-103036718,39 quai François Mauriac SE-NO,"48.83436,2.377",75013
100036718-103036718,39 quai François Mauriac SE-NO,"48.83436,2.377",75013
100036718-103036718,39 quai François Mauriac SE-NO,"48.83436,2.377",75013
100036718-103036718,39 quai François Mauriac SE-NO,"48.83436,2.377",75013
100036718-103036718,39 quai François Mauriac SE-NO,"48.83436,2.377",75013
100036719-104036719,18 quai de l'hotel de ville NO-SE,"48.85372,2.35702",75004
100036719-104036719,18 quai de l'hotel de ville NO-SE,"48.85372,2.35702",75004
100036719-104036719,18 quai de l'hotel de ville NO-SE,"48.85372,2.35702",75004
100036719-104036719,18 quai de l'hotel de ville NO-SE,"48.85372,2.35702",75004
100036719-104036719,18 quai de l'hotel de ville NO-SE,"48.85372,2.35702",75004
100036719-103036719,18 quai de l'hotel de ville SE-NO,"48.85372,2.35702",75004
100036719-103036719,18 quai de l'hotel de ville SE-NO,"48.85372,2.35702",75004
100036719-103036719,18 quai de l'hotel de ville SE-NO,"48.85372,2.35702",75004
100036719-103036719,18 quai de l'hotel de ville SE-NO,"48.85372,2.35702",75004
100036719-103036719,18 quai de l'hotel de ville SE-NO,"48.85372,2.35702",75004
100041488-SC,27 boulevard Diderot E-O,"48.846099,2.375456",75012
100041488-SC,27 boulevard Diderot E-O,"48.846099,2.375456",75012
100041488-SC,27 boulevard Diderot E-O,"48.846099,2.375456",75012
100041488-SC,27 boulevard Diderot E-O,"48.846099,2.375456",75012
100041488-SC,27 boulevard Diderot E-O,"48.846099,2.375456",75012
100042374-110042374,Voie Georges Pompidou NE-SO,"48.8484,2.27586",75016
100042374-110042374,Voie Georges Pompidou NE-SO,"48.8484,2.27586",75016
100042374-110042374,Voie Georges Pompidou NE-SO,"48.8484,2.27586",75016
100042374-110042374,Voie Georges Pompidou NE-SO,"48.8484,2.27586",75016
100042374-110042374,Voie Georges Pompidou NE-SO,"48.8484,2.27586",75016
100042374-109042374,Voie Georges Pompidou SO-NE,"48.8484,2.27586",75016
100042374-109042374,Voie Georges Pompidou SO-NE,"48.8484,2.27586",75016
100042374-109042374,Voie Georges Pompidou SO-NE,"48.8484,2.27586",75016
100042374-109042374,Voie Georges Pompidou SO-NE,"48.8484,2.27586",75016
100042374-109042374,Voie Georges Pompidou SO-NE,"48.8484,2.27586",75016
100044493-SC,67 boulevard Voltaire SE-NO,"48.86149,2.37376",75011
100044493-SC,67 boulevard Voltaire SE-NO,"48.86149,2.37376",75011
100044493-SC,67 boulevard Voltaire SE-NO,"48.86149,2.37376",75011
100044493-SC,67 boulevard Voltaire SE-NO,"48.86149,2.37376",75011
100044493-SC,67 boulevard Voltaire SE-NO,"48.86149,2.37376",75011
100044494-SC,10 avenue de la Grande Armée SE-NO,"48.874716,2.292439",75017
100044494-SC,10 avenue de la Grande Armée SE-NO,"48.874716,2.292439",75017
100044494-SC,10 avenue de la Grande Armée SE-NO,"48.874716,2.292439",75017
100044494-SC,10 avenue de la Grande Armée SE-NO,"48.874716,2.292439",75017
100044494-SC,10 avenue de la Grande Armée SE-NO,"48.874716,2.292439",75017
100044495-SC,7 avenue de la Grande Armée NO-SE,"48.87451,2.29215",75116
100044495-SC,7 avenue de la Grande Armée NO-SE,"48.87451,2.29215",75116
100044495-SC,7 avenue de la Grande Armée NO-SE,"48.87451,2.29215",75116
100044495-SC,7 avenue de la Grande Armée NO-SE,"48.87451,2.29215",75116
100044495-SC,7 avenue de la Grande Armée NO-SE,"48.87451,2.29215",75116
100044506-SC,72 boulevard Voltaire NO-SE,"48.86155,2.37407",75011
100044506-SC,72 boulevard Voltaire NO-SE,"48.86155,2.37407",75011
100044506-SC,72 boulevard Voltaire NO-SE,"48.86155,2.37407",75011
100044506-SC,72 boulevard Voltaire NO-SE,"48.86155,2.37407",75011
100044506-SC,72 boulevard Voltaire NO-SE,"48.86155,2.37407",75011
100047533-SC,89 boulevard de Magenta NO-SE,"48.877686,2.3544712",75010
100047533-SC,89 boulevard de Magenta NO-SE,"48.877686,2.3544712",75010
100047533-SC,89 boulevard de Magenta NO-SE,"48.877686,2.3544712",75010
100047533-SC,89 boulevard de Magenta NO-SE,"48.877686,2.3544712",75010
100047533-SC,89 boulevard de Magenta NO-SE,"48.877686,2.3544712",75010
100047534-SC,16 avenue de la Porte des Ternes E-O,"48.8818100845,2.28154603106",75017
100047534-SC,16 avenue de la Porte des Ternes E-O,"48.8818100845,2.28154603106",75017
100047534-SC,16 avenue de la Porte des Ternes E-O,"48.8818100845,2.28154603106",75017
100047534-SC,16 avenue de la Porte des Ternes E-O,"48.8818100845,2.28154603106",75017
100047534-SC,16 avenue de la Porte des Ternes E-O,"48.8818100845,2.28154603106",75017
100047535-SC,Pont du Garigliano NO-SE,"48.84015,2.26733",75016
100047535-SC,Pont du Garigliano NO-SE,"48.84015,2.26733",75016
100047535-SC,Pont du Garigliano NO-SE,"48.84015,2.26733",75016
100047535-SC,Pont du Garigliano NO-SE,"48.84015,2.26733",75016
100047535-SC,Pont du Garigliano NO-SE,"48.84015,2.26733",75016
100047536-SC,102 boulevard de Magenta SE-NO,"48.877726,2.354926",75010
100047536-SC,102 boulevard de Magenta SE-NO,"48.877726,2.354926",75010
100047536-SC,102 boulevard de Magenta SE-NO,"48.877726,2.354926",75010
100047536-SC,102 boulevard de Magenta SE-NO,"48.877726,2.354926",75010
100047536-SC,102 boulevard de Magenta SE-NO,"48.877726,2.354926",75010
100047537-SC,26 boulevard de Ménilmontant SE-NO,"48.86057,2.38886",75011
100047537-SC,26 boulevard de Ménilmontant SE-NO,"48.86057,2.38886",75011
100047537-SC,26 boulevard de Ménilmontant SE-NO,"48.86057,2.38886",75011
100047537-SC,26 boulevard de Ménilmontant SE-NO,"48.86057,2.38886",75011
100047537-SC,26 boulevard de Ménilmontant SE-NO,"48.86057,2.38886",75011
100047538-SC,Face au 16 avenue de la  Porte des Ternes O-E,"48.881626,2.281203",75017
100047538-SC,Face au 16 avenue de la  Porte des Ternes O-E,"48.881626,2.281203",75017
100047538-SC,Face au 16 avenue de la  Porte des Ternes O-E,"48.881626,2.281203",75017
100047538-SC,Face au 16 avenue de la  Porte des Ternes O-E,"48.881626,2.281203",75017
100047538-SC,Face au 16 avenue de la  Porte des Ternes O-E,"48.881626,2.281203",75017
100047539-SC,21 boulevard Auguste Blanqui SO-NE,"48.830449,2.353199",75013
100047539-SC,21 boulevard Auguste Blanqui SO-NE,"48.830449,2.353199",75013
100047539-SC,21 boulevard Auguste Blanqui SO-NE,"48.830449,2.353199",75013
100047539-SC,21 boulevard Auguste Blanqui SO-NE,"48.830449,2.353199",75013
100047539-SC,21 boulevard Auguste Blanqui SO-NE,"48.830449,2.353199",75013
100047540-SC,72 boulevard Richard Lenoir  S-N,"48.86077,2.37305",75011
100047540-SC,72 boulevard Richard Lenoir  S-N,"48.86077,2.37305",75011
100047540-SC,72 boulevard Richard Lenoir  S-N,"48.86077,2.37305",75011
100047540-SC,72 boulevard Richard Lenoir  S-N,"48.86077,2.37305",75011
100047540-SC,72 boulevard Richard Lenoir  S-N,"48.86077,2.37305",75011
100047541-SC,Pont National SO-NE,"48.82658,2.38409",75013
100047541-SC,Pont National SO-NE,"48.82658,2.38409",75013
100047541-SC,Pont National SO-NE,"48.82658,2.38409",75013
100047541-SC,Pont National SO-NE,"48.82658,2.38409",75013
100047541-SC,Pont National SO-NE,"48.82658,2.38409",75013
100047542-103047542,Face au 48 quai de la marne NE-SO,"48.8912151,2.3857297",75019
100047542-103047542,Face au 48 quai de la marne NE-SO,"48.8912151,2.3857297",75019
100047542-103047542,Face au 48 quai de la marne NE-SO,"48.8912151,2.3857297",75019
100047542-103047542,Face au 48 quai de la marne NE-SO,"48.8912151,2.3857297",75019
100047542-103047542,Face au 48 quai de la marne NE-SO,"48.8912151,2.3857297",75019
100047542-104047542,Face au 48 quai de la marne SO-NE,"48.8912151,2.3857297",75019
100047542-104047542,Face au 48 quai de la marne SO-NE,"48.8912151,2.3857297",75019
100047542-104047542,Face au 48 quai de la marne SO-NE,"48.8912151,2.3857297",75019
100047542-104047542,Face au 48 quai de la marne SO-NE,"48.8912151,2.3857297",75019
100047542-104047542,Face au 48 quai de la marne SO-NE,"48.8912151,2.3857297",75019
100047544-SC,77 boulevard Richard Lenoir N-S,"48.860852,2.372279",75011
100047544-SC,77 boulevard Richard Lenoir N-S,"48.860852,2.372279",75011
100047544-SC,77 boulevard Richard Lenoir N-S,"48.860852,2.372279",75011
100047544-SC,77 boulevard Richard Lenoir N-S,"48.860852,2.372279",75011
100047544-SC,77 boulevard Richard Lenoir N-S,"48.860852,2.372279",75011
100047545-103047545,Face 104 rue d'Aubervilliers N-S,"48.890457,2.3688522",75019
100047545-103047545,Face 104 rue d'Aubervilliers N-S,"48.890457,2.3688522",75019
100047545-103047545,Face 104 rue d'Aubervilliers N-S,"48.890457,2.3688522",75019
100047545-103047545,Face 104 rue d'Aubervilliers N-S,"48.890457,2.3688522",75019
100047545-103047545,Face 104 rue d'Aubervilliers N-S,"48.890457,2.3688522",75019
100047545-104047545,Face 104 rue d'Aubervilliers S-N,"48.890457,2.3688522",75019
100047545-104047545,Face 104 rue d'Aubervilliers S-N,"48.890457,2.3688522",75019
100047545-104047545,Face 104 rue d'Aubervilliers S-N,"48.890457,2.3688522",75019
100047545-104047545,Face 104 rue d'Aubervilliers S-N,"48.890457,2.3688522",75019
100047545-104047545,Face 104 rue d'Aubervilliers S-N,"48.890457,2.3688522",75019
100047546-104047546,Face au 70 quai de Bercy N-S,"48.8295233,2.38699",75012
100047546-104047546,Face au 70 quai de Bercy N-S,"48.8295233,2.38699",75012
100047546-104047546,Face au 70 quai de Bercy N-S,"48.8295233,2.38699",75012
100047546-104047546,Face au 70 quai de Bercy N-S,"48.8295233,2.38699",75012
100047546-104047546,Face au 70 quai de Bercy N-S,"48.8295233,2.38699",75012
100047546-103047546,Face au 70 quai de Bercy S-N,"48.8295233,2.38699",75012
100047546-103047546,Face au 70 quai de Bercy S-N,"48.8295233,2.38699",75012
100047546-103047546,Face au 70 quai de Bercy S-N,"48.8295233,2.38699",75012
100047546-103047546,Face au 70 quai de Bercy S-N,"48.8295233,2.38699",75012
100047546-103047546,Face au 70 quai de Bercy S-N,"48.8295233,2.38699",75012
100047547-104047547,6 rue Julia Bartet NE-SO,"48.82636,2.30303",75014
100047547-104047547,6 rue Julia Bartet NE-SO,"48.82636,2.30303",75014
100047547-104047547,6 rue Julia Bartet NE-SO,"48.82636,2.30303",75014
100047547-104047547,6 rue Julia Bartet NE-SO,"48.82636,2.30303",75014
100047547-104047547,6 rue Julia Bartet NE-SO,"48.82636,2.30303",75014
100047547-103047547,6 rue Julia Bartet SO-NE,"48.82636,2.30303",75014
100047547-103047547,6 rue Julia Bartet SO-NE,"48.82636,2.30303",75014
100047547-103047547,6 rue Julia Bartet SO-NE,"48.82636,2.30303",75014
100047547-103047547,6 rue Julia Bartet SO-NE,"48.82636,2.30303",75014
100047547-103047547,6 rue Julia Bartet SO-NE,"48.82636,2.30303",75014
100047548-103047548,Face au 25 quai de l'Oise NE-SO,"48.8914149,2.384954",75019
100047548-103047548,Face au 25 quai de l'Oise NE-SO,"48.8914149,2.384954",75019
100047548-103047548,Face au 25 quai de l'Oise NE-SO,"48.8914149,2.384954",75019
100047548-103047548,Face au 25 quai de l'Oise NE-SO,"48.8914149,2.384954",75019
100047548-103047548,Face au 25 quai de l'Oise NE-SO,"48.8914149,2.384954",75019
100047548-104047548,Face au 25 quai de l'Oise SO-NE,"48.8914149,2.384954",75019
100047548-104047548,Face au 25 quai de l'Oise SO-NE,"48.8914149,2.384954",75019
100047548-104047548,Face au 25 quai de l'Oise SO-NE,"48.8914149,2.384954",75019
100047548-104047548,Face au 25 quai de l'Oise SO-NE,"48.8914149,2.384954",75019
100047548-104047548,Face au 25 quai de l'Oise SO-NE,"48.8914149,2.384954",75019
100047549-SC,Pont National  NE-SO,"48.82682,2.38465",75013
100047549-SC,Pont National  NE-SO,"48.82682,2.38465",75013
100047549-SC,Pont National  NE-SO,"48.82682,2.38465",75013
100047549-SC,Pont National  NE-SO,"48.82682,2.38465",75013
100047549-SC,Pont National  NE-SO,"48.82682,2.38465",75013
100047550-SC,35 boulevard de Menilmontant NO-SE,"48.860528,2.388364",75011
100047550-SC,35 boulevard de Menilmontant NO-SE,"48.860528,2.388364",75011
100047550-SC,35 boulevard de Menilmontant NO-SE,"48.860528,2.388364",75011
100047550-SC,35 boulevard de Menilmontant NO-SE,"48.860528,2.388364",75011
100047550-SC,35 boulevard de Menilmontant NO-SE,"48.860528,2.388364",75011
100047551-102047551,Pont du Garigliano SE-NO SE-NO,"48.83992,2.26694",75016
100047551-102047551,Pont du Garigliano SE-NO SE-NO,"48.83992,2.26694",75016
100047551-102047551,Pont du Garigliano SE-NO SE-NO,"48.83992,2.26694",75016
100047551-102047551,Pont du Garigliano SE-NO SE-NO,"48.83992,2.26694",75016
100047551-102047551,Pont du Garigliano SE-NO SE-NO,"48.83992,2.26694",75016
100049407-102049407,152 boulevard du Montparnasse E-O,"48.840801,2.333233",75006
100049407-102049407,152 boulevard du Montparnasse E-O,"48.840801,2.333233",75006
100049407-102049407,152 boulevard du Montparnasse E-O,"48.840801,2.333233",75006
100049407-102049407,152 boulevard du Montparnasse E-O,"48.840801,2.333233",75006
100049407-102049407,152 boulevard du Montparnasse E-O,"48.840801,2.333233",75006
100049407-101049407,152 boulevard du Montparnasse O-E,"48.840801,2.333233",75006
100049407-101049407,152 boulevard du Montparnasse O-E,"48.840801,2.333233",75006
100049407-101049407,152 boulevard du Montparnasse O-E,"48.840801,2.333233",75006
100049407-101049407,152 boulevard du Montparnasse O-E,"48.840801,2.333233",75006
100049407-101049407,152 boulevard du Montparnasse O-E,"48.840801,2.333233",75006
100049408-SC,10 boulevard Auguste Blanqui NE-SO,"48.83068,2.35348",75013
100049408-SC,10 boulevard Auguste Blanqui NE-SO,"48.83068,2.35348",75013
100049408-SC,10 boulevard Auguste Blanqui NE-SO,"48.83068,2.35348",75013
100049408-SC,10 boulevard Auguste Blanqui NE-SO,"48.83068,2.35348",75013
100049408-SC,10 boulevard Auguste Blanqui NE-SO,"48.83068,2.35348",75013
100050132-SC,243 boulevard Saint Germain NO-SE,"48.86179,2.32014",75007
100050132-SC,243 boulevard Saint Germain NO-SE,"48.86179,2.32014",75007
100050132-SC,243 boulevard Saint Germain NO-SE,"48.86179,2.32014",75007
100050132-SC,243 boulevard Saint Germain NO-SE,"48.86179,2.32014",75007
100050132-SC,243 boulevard Saint Germain NO-SE,"48.86179,2.32014",75007
100050876-103050876,Totem 64 Rue de Rivoli E-O,"48.85735,2.35211",75004
100050876-103050876,Totem 64 Rue de Rivoli E-O,"48.85735,2.35211",75004
100050876-103050876,Totem 64 Rue de Rivoli E-O,"48.85735,2.35211",75004
100050876-103050876,Totem 64 Rue de Rivoli E-O,"48.85735,2.35211",75004
100050876-103050876,Totem 64 Rue de Rivoli E-O,"48.85735,2.35211",75004
100050876-104050876,Totem 64 Rue de Rivoli O-E,"48.85735,2.35211",75004
100050876-104050876,Totem 64 Rue de Rivoli O-E,"48.85735,2.35211",75004
100050876-104050876,Totem 64 Rue de Rivoli O-E,"48.85735,2.35211",75004
100050876-104050876,Totem 64 Rue de Rivoli O-E,"48.85735,2.35211",75004
100050876-104050876,Totem 64 Rue de Rivoli O-E,"48.85735,2.35211",75004
100056032-SC,87 avenue de Flandre NE-SO,"48.88926,2.37472",75019
100056032-SC,87 avenue de Flandre NE-SO,"48.88926,2.37472",75019
100056032-SC,87 avenue de Flandre NE-SO,"48.88926,2.37472",75019
100056032-SC,87 avenue de Flandre NE-SO,"48.88926,2.37472",75019
100056032-SC,87 avenue de Flandre NE-SO,"48.88926,2.37472",75019
100056034-SC,72 avenue de Flandre SO-NE,"48.889046,2.374872",75019
100056034-SC,72 avenue de Flandre SO-NE,"48.889046,2.374872",75019
100056034-SC,72 avenue de Flandre SO-NE,"48.889046,2.374872",75019
100056034-SC,72 avenue de Flandre SO-NE,"48.889046,2.374872",75019
100056034-SC,72 avenue de Flandre SO-NE,"48.889046,2.374872",75019
100056036-SC,2 avenue de la Porte de Bagnolet O-E,"48.86451,2.40932",75020
100056036-SC,2 avenue de la Porte de Bagnolet O-E,"48.86451,2.40932",75020
100056036-SC,2 avenue de la Porte de Bagnolet O-E,"48.86451,2.40932",75020
100056036-SC,2 avenue de la Porte de Bagnolet O-E,"48.86451,2.40932",75020
100056036-SC,2 avenue de la Porte de Bagnolet O-E,"48.86451,2.40932",75020
100056038-SC,44 avenue des Champs Elysées SE-NO,"48.869873,2.307419",75008
100056038-SC,44 avenue des Champs Elysées SE-NO,"48.869873,2.307419",75008
100056038-SC,44 avenue des Champs Elysées SE-NO,"48.869873,2.307419",75008
100056038-SC,44 avenue des Champs Elysées SE-NO,"48.869873,2.307419",75008
100056038-SC,44 avenue des Champs Elysées SE-NO,"48.869873,2.307419",75008
100056039-SC,180 avenue d'Italie N-S,"48.82024,2.35902",75013
100056039-SC,180 avenue d'Italie N-S,"48.82024,2.35902",75013
100056039-SC,180 avenue d'Italie N-S,"48.82024,2.35902",75013
100056039-SC,180 avenue d'Italie N-S,"48.82024,2.35902",75013
100056039-SC,180 avenue d'Italie N-S,"48.82024,2.35902",75013
100056040-SC,129 rue Lecourbe SO-NE,"48.842091,2.301",75015
100056040-SC,129 rue Lecourbe SO-NE,"48.842091,2.301",75015
100056040-SC,129 rue Lecourbe SO-NE,"48.842091,2.301",75015
100056040-SC,129 rue Lecourbe SO-NE,"48.842091,2.301",75015
100056040-SC,129 rue Lecourbe SO-NE,"48.842091,2.301",75015
100056041-SC,147 avenue d'Italie S-N,"48.82026,2.3592",75013
100056041-SC,147 avenue d'Italie S-N,"48.82026,2.3592",75013
100056041-SC,147 avenue d'Italie S-N,"48.82026,2.3592",75013
100056041-SC,147 avenue d'Italie S-N,"48.82026,2.3592",75013
100056041-SC,147 avenue d'Italie S-N,"48.82026,2.3592",75013
100056042-SC,33 avenue des Champs Elysées NO-SE,"48.869831,2.307076",75008
100056042-SC,33 avenue des Champs Elysées NO-SE,"48.869831,2.307076",75008
100056042-SC,33 avenue des Champs Elysées NO-SE,"48.869831,2.307076",75008
100056042-SC,33 avenue des Champs Elysées NO-SE,"48.869831,2.307076",75008
100056042-SC,33 avenue des Champs Elysées NO-SE,"48.869831,2.307076",75008
100056044-SC,132 rue Lecourbe NE-SO,"48.84216,2.30115",75015
100056044-SC,132 rue Lecourbe NE-SO,"48.84216,2.30115",75015
100056044-SC,132 rue Lecourbe NE-SO,"48.84216,2.30115",75015
100056044-SC,132 rue Lecourbe NE-SO,"48.84216,2.30115",75015
100056044-SC,132 rue Lecourbe NE-SO,"48.84216,2.30115",75015
100056045-SC,Pont de la Concorde N-S,"48.86392,2.31988",75008
100056045-SC,Pont de la Concorde N-S,"48.86392,2.31988",75008
100056045-SC,Pont de la Concorde N-S,"48.86392,2.31988",75008
100056045-SC,Pont de la Concorde N-S,"48.86392,2.31988",75008
100056045-SC,Pont de la Concorde N-S,"48.86392,2.31988",75008
100056046-SC,Pont des Invalides S-N,"48.86282,2.31061",75007
100056046-SC,Pont des Invalides S-N,"48.86282,2.31061",75007
100056046-SC,Pont des Invalides S-N,"48.86282,2.31061",75007
100056046-SC,Pont des Invalides S-N,"48.86282,2.31061",75007
100056046-SC,Pont des Invalides S-N,"48.86282,2.31061",75007
100056047-SC,Pont de la Concorde S-N,"48.86378,2.32003",75008
100056047-SC,Pont de la Concorde S-N,"48.86378,2.32003",75008
100056047-SC,Pont de la Concorde S-N,"48.86378,2.32003",75008
100056047-SC,Pont de la Concorde S-N,"48.86378,2.32003",75008
100056047-SC,Pont de la Concorde S-N,"48.86378,2.32003",75008
100056223-SC,Pont des Invalides N-S,"48.86284,2.310345",75007
100056223-SC,Pont des Invalides N-S,"48.86284,2.310345",75007
100056223-SC,Pont des Invalides N-S,"48.86284,2.310345",75007
100056223-SC,Pont des Invalides N-S,"48.86284,2.310345",75007
100056223-SC,Pont des Invalides N-S,"48.86284,2.310345",75007
100056225-SC,3 avenue de la Porte D'Orléans S-N,"48.82108,2.32537",75014
100056225-SC,3 avenue de la Porte D'Orléans S-N,"48.82108,2.32537",75014
100056225-SC,3 avenue de la Porte D'Orléans S-N,"48.82108,2.32537",75014
100056225-SC,3 avenue de la Porte D'Orléans S-N,"48.82108,2.32537",75014
100056225-SC,3 avenue de la Porte D'Orléans S-N,"48.82108,2.32537",75014
100056226-104056226,Face au 8 avenue de la porte de Charenton NO-SE,"48.8303305218,2.40055083752",75012
100056226-104056226,Face au 8 avenue de la porte de Charenton NO-SE,"48.8303305218,2.40055083752",75012
100056226-104056226,Face au 8 avenue de la porte de Charenton NO-SE,"48.8303305218,2.40055083752",75012
100056226-104056226,Face au 8 avenue de la porte de Charenton NO-SE,"48.8303305218,2.40055083752",75012
100056226-104056226,Face au 8 avenue de la porte de Charenton NO-SE,"48.8303305218,2.40055083752",75012
100056226-103056226,Face au 8 avenue de la porte de Charenton SE-NO,"48.8303305218,2.40055083752",75012
100056226-103056226,Face au 8 avenue de la porte de Charenton SE-NO,"48.8303305218,2.40055083752",75012
100056226-103056226,Face au 8 avenue de la porte de Charenton SE-NO,"48.8303305218,2.40055083752",75012
100056226-103056226,Face au 8 avenue de la porte de Charenton SE-NO,"48.8303305218,2.40055083752",75012
100056226-103056226,Face au 8 avenue de la porte de Charenton SE-NO,"48.8303305218,2.40055083752",75012
100056326-103056326,72 rue de la Chapelle N-S,"48.89594,2.35953",75018
100056326-103056326,72 rue de la Chapelle N-S,"48.89594,2.35953",75018
100056326-103056326,72 rue de la Chapelle N-S,"48.89594,2.35953",75018
100056326-103056326,72 rue de la Chapelle N-S,"48.89594,2.35953",75018
100056326-103056326,72 rue de la Chapelle N-S,"48.89594,2.35953",75018
100056326-104056326,72 rue de la Chapelle S-N,"48.89594,2.35953",75018
100056326-104056326,72 rue de la Chapelle S-N,"48.89594,2.35953",75018
100056326-104056326,72 rue de la Chapelle S-N,"48.89594,2.35953",75018
100056326-104056326,72 rue de la Chapelle S-N,"48.89594,2.35953",75018
100056326-104056326,72 rue de la Chapelle S-N,"48.89594,2.35953",75018
100056327-103056327,Face au 4 avenue de la porte de Bagnolet E-O,"48.86461,2.40969",75020
100056327-103056327,Face au 4 avenue de la porte de Bagnolet E-O,"48.86461,2.40969",75020
100056327-103056327,Face au 4 avenue de la porte de Bagnolet E-O,"48.86461,2.40969",75020
100056327-103056327,Face au 4 avenue de la porte de Bagnolet E-O,"48.86461,2.40969",75020
100056327-103056327,Face au 4 avenue de la porte de Bagnolet E-O,"48.86461,2.40969",75020
100056327-104056327,Face au 4 avenue de la porte de Bagnolet O-E,"48.86461,2.40969",75020
100056327-104056327,Face au 4 avenue de la porte de Bagnolet O-E,"48.86461,2.40969",75020
100056327-104056327,Face au 4 avenue de la porte de Bagnolet O-E,"48.86461,2.40969",75020
100056327-104056327,Face au 4 avenue de la porte de Bagnolet O-E,"48.86461,2.40969",75020
100056327-104056327,Face au 4 avenue de la porte de Bagnolet O-E,"48.86461,2.40969",75020
100056329-104056329,Pont Charles De Gaulle NE-SO,"48.84223,2.36811",75013
100056329-104056329,Pont Charles De Gaulle NE-SO,"48.84223,2.36811",75013
100056329-104056329,Pont Charles De Gaulle NE-SO,"48.84223,2.36811",75013
100056329-104056329,Pont Charles De Gaulle NE-SO,"48.84223,2.36811",75013
100056329-104056329,Pont Charles De Gaulle NE-SO,"48.84223,2.36811",75013
100056329-103056329,Pont Charles De Gaulle SO-NE,"48.84223,2.36811",75013
100056329-103056329,Pont Charles De Gaulle SO-NE,"48.84223,2.36811",75013
100056329-103056329,Pont Charles De Gaulle SO-NE,"48.84223,2.36811",75013
100056329-103056329,Pont Charles De Gaulle SO-NE,"48.84223,2.36811",75013
100056329-103056329,Pont Charles De Gaulle SO-NE,"48.84223,2.36811",75013
100056330-104056330,36 quai de Grenelle NE-SO,"48.85209,2.28508",75015
100056330-104056330,36 quai de Grenelle NE-SO,"48.85209,2.28508",75015
100056330-104056330,36 quai de Grenelle NE-SO,"48.85209,2.28508",75015
100056330-104056330,36 quai de Grenelle NE-SO,"48.85209,2.28508",75015
100056330-104056330,36 quai de Grenelle NE-SO,"48.85209,2.28508",75015
100056330-103056330,36 quai de Grenelle SO-NE,"48.85209,2.28508",75015
100056330-103056330,36 quai de Grenelle SO-NE,"48.85209,2.28508",75015
100056330-103056330,36 quai de Grenelle SO-NE,"48.85209,2.28508",75015
100056330-103056330,36 quai de Grenelle SO-NE,"48.85209,2.28508",75015
100056330-103056330,36 quai de Grenelle SO-NE,"48.85209,2.28508",75015
100056331-104056331,Face au 40 quai D'Issy NE-SO,"48.83421,2.26542",92130
100056331-104056331,Face au 40 quai D'Issy NE-SO,"48.83421,2.26542",92130
100056331-104056331,Face au 40 quai D'Issy NE-SO,"48.83421,2.26542",92130
100056331-104056331,Face au 40 quai D'Issy NE-SO,"48.83421,2.26542",92130
100056331-104056331,Face au 40 quai D'Issy NE-SO,"48.83421,2.26542",92130
100056331-103056331,Face au 40 quai D'Issy SO-NE,"48.83421,2.26542",92130
100056331-103056331,Face au 40 quai D'Issy SO-NE,"48.83421,2.26542",92130
100056331-103056331,Face au 40 quai D'Issy SO-NE,"48.83421,2.26542",92130
100056331-103056331,Face au 40 quai D'Issy SO-NE,"48.83421,2.26542",92130
100056331-103056331,Face au 40 quai D'Issy SO-NE,"48.83421,2.26542",92130
100056332-103056332,Pont de Bercy NE-SO,"48.83848,2.37587",75012
100056332-103056332,Pont de Bercy NE-SO,"48.83848,2.37587",75012
100056332-103056332,Pont de Bercy NE-SO,"48.83848,2.37587",75012
100056332-103056332,Pont de Bercy NE-SO,"48.83848,2.37587",75012
100056332-103056332,Pont de Bercy NE-SO,"48.83848,2.37587",75012
100056332-104056332,Pont de Bercy SO-NE,"48.83848,2.37587",75012
100056332-104056332,Pont de Bercy SO-NE,"48.83848,2.37587",75012
100056332-104056332,Pont de Bercy SO-NE,"48.83848,2.37587",75012
100056332-104056332,Pont de Bercy SO-NE,"48.83848,2.37587",75012
100056332-104056332,Pont de Bercy SO-NE,"48.83848,2.37587",75012
100056334-103056334,38 rue Turbigo NE-SO,"48.86521,2.35358",75003
100056334-103056334,38 rue Turbigo NE-SO,"48.86521,2.35358",75003
100056334-103056334,38 rue Turbigo NE-SO,"48.86521,2.35358",75003
100056334-103056334,38 rue Turbigo NE-SO,"48.86521,2.35358",75003
100056334-103056334,38 rue Turbigo NE-SO,"48.86521,2.35358",75003
100056334-104056334,38 rue Turbigo SO-NE,"48.86521,2.35358",75003
100056334-104056334,38 rue Turbigo SO-NE,"48.86521,2.35358",75003
100056334-104056334,38 rue Turbigo SO-NE,"48.86521,2.35358",75003
100056334-104056334,38 rue Turbigo SO-NE,"48.86521,2.35358",75003
100056334-104056334,38 rue Turbigo SO-NE,"48.86521,2.35358",75003
100056335-104056335,Quai d'Orsay E-O,"48.86288,2.31179",75007
100056335-104056335,Quai d'Orsay E-O,"48.86288,2.31179",75007
100056335-104056335,Quai d'Orsay E-O,"48.86288,2.31179",75007
100056335-104056335,Quai d'Orsay E-O,"48.86288,2.31179",75007
100056335-104056335,Quai d'Orsay E-O,"48.86288,2.31179",75007
100056335-103056335,Quai d'Orsay O-E,"48.86288,2.31179",75007
100056335-103056335,Quai d'Orsay O-E,"48.86288,2.31179",75007
100056335-103056335,Quai d'Orsay O-E,"48.86288,2.31179",75007
100056335-103056335,Quai d'Orsay O-E,"48.86288,2.31179",75007
100056335-103056335,Quai d'Orsay O-E,"48.86288,2.31179",75007
100056336-106056336,27 quai de la Tournelle NO-SE,"48.85013,2.35423",75005
100056336-106056336,27 quai de la Tournelle NO-SE,"48.85013,2.35423",75005
100056336-106056336,27 quai de la Tournelle NO-SE,"48.85013,2.35423",75005
100056336-106056336,27 quai de la Tournelle NO-SE,"48.85013,2.35423",75005
100056336-106056336,27 quai de la Tournelle NO-SE,"48.85013,2.35423",75005
100056336-105056336,27 quai de la Tournelle SE-NO,"48.85013,2.35423",75005
100056336-105056336,27 quai de la Tournelle SE-NO,"48.85013,2.35423",75005
100056336-105056336,27 quai de la Tournelle SE-NO,"48.85013,2.35423",75005
100056336-105056336,27 quai de la Tournelle SE-NO,"48.85013,2.35423",75005
100056336-105056336,27 quai de la Tournelle SE-NO,"48.85013,2.35423",75005
100057329-104057329,Totem 85 quai d'Austerlitz NO-SE,"48.84201,2.36729",75013
100057329-104057329,Totem 85 quai d'Austerlitz NO-SE,"48.84201,2.36729",75013
100057329-104057329,Totem 85 quai d'Austerlitz NO-SE,"48.84201,2.36729",75013
100057329-104057329,Totem 85 quai d'Austerlitz NO-SE,"48.84201,2.36729",75013
100057329-104057329,Totem 85 quai d'Austerlitz NO-SE,"48.84201,2.36729",75013
100057329-103057329,Totem 85 quai d'Austerlitz SE-NO,"48.84201,2.36729",75013
100057329-103057329,Totem 85 quai d'Austerlitz SE-NO,"48.84201,2.36729",75013
100057329-103057329,Totem 85 quai d'Austerlitz SE-NO,"48.84201,2.36729",75013
100057329-103057329,Totem 85 quai d'Austerlitz SE-NO,"48.84201,2.36729",75013
100057329-103057329,Totem 85 quai d'Austerlitz SE-NO,"48.84201,2.36729",75013
100057380-104057380,Totem Cours la Reine E-O,"48.86462,2.31444",75008
100057380-104057380,Totem Cours la Reine E-O,"48.86462,2.31444",75008
100057380-104057380,Totem Cours la Reine E-O,"48.86462,2.31444",75008
100057380-104057380,Totem Cours la Reine E-O,"48.86462,2.31444",75008
100057380-104057380,Totem Cours la Reine E-O,"48.86462,2.31444",75008
100057380-103057380,Totem Cours la Reine O-E,"48.86462,2.31444",75008
100057380-103057380,Totem Cours la Reine O-E,"48.86462,2.31444",75008
100057380-103057380,Totem Cours la Reine O-E,"48.86462,2.31444",75008
100057380-103057380,Totem Cours la Reine O-E,"48.86462,2.31444",75008
100057380-103057380,Totem Cours la Reine O-E,"48.86462,2.31444",75008
100057445-103057445,Totem 73 boulevard de Sébastopol N-S,"48.86377,2.35096",75002
100057445-103057445,Totem 73 boulevard de Sébastopol N-S,"48.86377,2.35096",75002
100057445-103057445,Totem 73 boulevard de Sébastopol N-S,"48.86377,2.35096",75002
100057445-103057445,Totem 73 boulevard de Sébastopol N-S,"48.86377,2.35096",75002
100057445-103057445,Totem 73 boulevard de Sébastopol N-S,"48.86377,2.35096",75002
100057445-104057445,Totem 73 boulevard de Sébastopol S-N,"48.86377,2.35096",75002
100057445-104057445,Totem 73 boulevard de Sébastopol S-N,"48.86377,2.35096",75002
100057445-104057445,Totem 73 boulevard de Sébastopol S-N,"48.86377,2.35096",75002
100057445-104057445,Totem 73 boulevard de Sébastopol S-N,"48.86377,2.35096",75002
100057445-104057445,Totem 73 boulevard de Sébastopol S-N,"48.86377,2.35096",75002
100060174-SC,21 boulevard Saint Michel S-N,"48.851525,2.3432985",75005
100060174-SC,21 boulevard Saint Michel S-N,"48.851525,2.3432985",75005
100060174-SC,21 boulevard Saint Michel S-N,"48.851525,2.3432985",75005
100060174-SC,21 boulevard Saint Michel S-N,"48.851525,2.3432985",75005
100060174-SC,21 boulevard Saint Michel S-N,"48.851525,2.3432985",75005
100060175-SC,30 rue Saint Jacques N-S,"48.8511307,2.3456784",75005
100060175-SC,30 rue Saint Jacques N-S,"48.8511307,2.3456784",75005
100060175-SC,30 rue Saint Jacques N-S,"48.8511307,2.3456784",75005
100060175-SC,30 rue Saint Jacques N-S,"48.8511307,2.3456784",75005
100060175-SC,30 rue Saint Jacques N-S,"48.8511307,2.3456784",75005
100060178-102060178,90 Rue De Sèvres 90 Rue De Sèvres  Vélos NE-SO,"48.84638,2.31529",75015
100060178-102060178,90 Rue De Sèvres 90 Rue De Sèvres  Vélos NE-SO,"48.84638,2.31529",75015
100060178-102060178,90 Rue De Sèvres 90 Rue De Sèvres  Vélos NE-SO,"48.84638,2.31529",75015
100060178-102060178,90 Rue De Sèvres 90 Rue De Sèvres  Vélos NE-SO,"48.84638,2.31529",75015
100060178-102060178,90 Rue De Sèvres 90 Rue De Sèvres  Vélos NE-SO,"48.84638,2.31529",75015
100060178-101060178,90 Rue De Sèvres 90 Rue De Sèvres  Vélos SO-NE,"48.84638,2.31529",75015
100060178-101060178,90 Rue De Sèvres 90 Rue De Sèvres  Vélos SO-NE,"48.84638,2.31529",75015
100060178-101060178,90 Rue De Sèvres 90 Rue De Sèvres  Vélos SO-NE,"48.84638,2.31529",75015
100060178-101060178,90 Rue De Sèvres 90 Rue De Sèvres  Vélos SO-NE,"48.84638,2.31529",75015
100060178-101060178,90 Rue De Sèvres 90 Rue De Sèvres  Vélos SO-NE,"48.84638,2.31529",75015
100063175-101063175,20 Avenue de Clichy NO-SE,"48.88529,2.32666",75018
100063175-101063175,20 Avenue de Clichy NO-SE,"48.88529,2.32666",75018
100063175-101063175,20 Avenue de Clichy NO-SE,"48.88529,2.32666",75018
100063175-101063175,20 Avenue de Clichy NO-SE,"48.88529,2.32666",75018
100063175-101063175,20 Avenue de Clichy NO-SE,"48.88529,2.32666",75018
100063175-102063175,20 Avenue de Clichy SE-NO,"48.88529,2.32666",75018
100063175-102063175,20 Avenue de Clichy SE-NO,"48.88529,2.32666",75018
100063175-102063175,20 Avenue de Clichy SE-NO,"48.88529,2.32666",75018
100063175-102063175,20 Avenue de Clichy SE-NO,"48.88529,2.32666",75018
100063175-102063175,20 Avenue de Clichy SE-NO,"48.88529,2.32666",75018
100063174-SC,69 Boulevard Ornano N-S,"48.896894,2.344994",75018
100063174-SC,69 Boulevard Ornano N-S,"48.896894,2.344994",75018
100063174-SC,69 Boulevard Ornano N-S,"48.896894,2.344994",75018
100063174-SC,69 Boulevard Ornano N-S,"48.896894,2.344994",75018
100063174-SC,69 Boulevard Ornano N-S,"48.896894,2.344994",75018
100063173-SC,74 Boulevard Ornano S-N,"48.896825,2.345648",75018
100063173-SC,74 Boulevard Ornano S-N,"48.896825,2.345648",75018
100063173-SC,74 Boulevard Ornano S-N,"48.896825,2.345648",75018
100063173-SC,74 Boulevard Ornano S-N,"48.896825,2.345648",75018
100063173-SC,74 Boulevard Ornano S-N,"48.896825,2.345648",75018
